838,458,725,758,815,259,256,286,522,447,554,311,236,83.5,1100,542,214,415,656,352,309,155
830,378,742,768,730,177,273,300,491,357,547,354,256,84.5,1070,528,225,405,544,338,305,122
820,356,766,763,715,222,333,294,498,406,547,359,298,114,771,497,202,383,606,330,279,101
781,327,750,813,709,252,385,285,500,415,386,363,341,226,686,480,181,328,602,408,226,101
778,298,757,761,750,282,491,295,498,415,304,364,399,316,611,413,152,336,614,447,219,103
701,274,646,780,703,331,569,319,491,406,318,368,430,314,612,392,128,378,503,491,241,105
611,253,640,723,654,325,610,366,468,437,392,370,544,269,598,408,123,369,477,498,239,106
546,235,603,730,728,288,595,413,397,490,440,370,649,251,539,465,132,362,421,520,222,108
570,222,588,688,678,287,589,424,378,506,467,379,714,276,494,458,185,351,368,507,173,111
597,219,640,641,690,291,578,477,390,485,443,388,614,375,544,506,231,310,494,487,148,112
649,228,532,530,619,298,569,514,408,515,467,383,650,542,511,512,244,363,423,497,135,115
642,261,492,530,573,298,522,543,450,495,552,396,593,543,518,509,232,391,521,495,129,119
618,324,483,645,566,307,457,539,455,502,652,412,619,710,542,537,215,409,537,484,118,122
657,383,470,772,656,332,347,444,457,512,691,401,567,846,528,488,200,444,587,497,108,125
660,398,390,747,564,354,351,484,434,499,710,383,690,792,482,446,187,432,615,473,112,124
726,403,368,633,501,367,399,598,370,493,699,373,628,775,461,449,185,520,560,420,122,120
719,410,352,658,442,359,405,609,320,487,706,378,608,712,445,446,194,564,623,395,116,110
740,444,325,693,400,362,395,636,280,494,784,394,618,781,436,556,203,536,471,519,109,104
759,453,296,783,385,362,385,661,315,533,822,424,616,868,430,530,202,433,541,521,103,120
704,456,320,581,357,348,432,596,316,570,797,443,604,914,424,506,197,287,532,478,89.9,131
820,458,365,216,340,348,526,440,324,648,806,436,561,789,425,511,207,240,561,483,84,140
1100,456,415,295,340,362,565,454,422,721,736,412,544,805,420,477,206,169,458,501,80.1,145
780,450,448,263,406,359,546,506,412,722,611,400,439,774,414,429,193,173,505,510,76.8,146
703,443,415,484,424,354,501,539,401,688,683,405,419,729,413,463,180,212,516,470,74.8,154
700,440,383,906,460,367,503,578,399,639,729,424,412,761,368,346,172,266,532,455,71.6,167
683,438,346,944,424,385,556,541,395,603,792,426,392,742,183,335,161,280,588,420,67.4,175
642,440,309,518,398,380,547,572,406,598,770,419,382,639,181,399,155,279,508,402,60.5,174
714,441,294,400,431,380,517,591,416,582,766,425,379,707,164,435,150,307,601,401,56.5,161
673,440,309,418,290,375,417,649,393,560,795,444,374,686,177,437,138,375,598,488,54.7,148
714,440,334,316,247,357,395,664,342,529,848,497,370,642,173,452,139,401,670,499,59.3,130
707,428,320,224,201,337,359,663,298,518,778,548,364,659,161,443,197,421,726,501,65.3,119
707,402,337,191,277,327,339,656,252,505,667,485,357,706,165,476,199,447,693,421,63.8,87.3
854,383,352,174,401,318,290,657,211,496,679,458,357,663,198,594,178,458,576,407,60.8,67.3
890,369,365,162,354,318,266,653,190,513,646,417,360,636,208,622,173,498,568,437,54.8,37.7
837,356,363,152,310,313,296,610,194,580,597,402,351,591,176,614,165,508,562,459,49.4,17.4
748,347,334,144,268,313,261,559,314,667,576,392,344,575,164,579,143,485,528,420,47.7,6.6
870,338,303,139,355,359,247,665,390,735,571,391,342,581,168,576,121,442,520,474,43.4,3.56
909,327,284,137,406,395,255,661,433,801,577,392,337,552,169,577,112,367,584,502,39.1,1.314
863,313,243,139,415,402,260,606,443,825,608,411,328,534,165,542,113,252,597,517,33.4,0
822,309,248,273,415,397,294,552,434,883,641,434,313,474,173,546,112,122,570,519,28.3,0
731,315,222,497,295,387,328,506,408,955,677,383,305,430,221,537,108,43.5,615,438,23.2,0
648,328,191,660,274,366,353,475,388,864,689,321,300,425,392,521,104,10.1,513,371,15.9,0
602,345,195,798,279,349,358,454,387,805,686,257,293,361,629,515,94.1,0.54,448,302,7.46,0
538,347,232,781,280,376,379,445,454,683,695,195,280,262,1130,479,67.3,0.007,446,253,2.76,0
530,350,228,618,285,409,431,438,519,622,727,159,259,233,954,622,37,0,521,243,0.37,0
565,345,217,453,279,382,544,429,543,617,738,132,241,232,570,688,22,0,534,185,0,0
468,400,217,358,273,335,536,423,551,582,673,127,234,200,392,726,9.67,9.85,491,142,0,0
421,335,184,310,266,291,469,418,520,546,577,127,230,195,324,791,3.81,19.4,531,135,0,0
484,314,184,295,264,264,394,416,497,661,537,115,228,175,286,664,3.35,20.7,592,115,0,0
572,280,191,291,268,225,326,407,489,1110,479,90,225,164,261,546,3.03,52.8,454,57.2,0,0
650,258,279,306,280,189,248,381,464,1200,537,77.4,227,287,249,520,2.65,44.7,456,13.8,0,0
650,237,325,380,290,150,199,347,422,1070,534,64.6,228,286,673,617,3.38,99.6,463,2.47,0,0
648,217,210,423,315,125,156,304,379,1050,590,58.6,184,239,1200,604,2.78,219,427,1.69,0,0
705,211,202,412,325,154,127,293,356,796,574,57.3,134,287,1290,499,1.91,404,386,4.43,0,0
736,210,186,350,351,195,138,460,356,677,617,62.8,102,298,1520,393,1.25,479,337,9.16,0,0
829,208,177,355,438,224,143,664,366,833,749,72.6,80.8,233,1360,359,0.74,467,419,8.09,0,0
778,229,171,795,414,229,169,719,380,1090,810,74.5,71.6,221,1320,406,0.53,325,558,12.9,0,0
708,274,164,995,299,212,229,668,381,1130,765,66.7,66.7,211,1300,316,0.4,171,625,19.1,0,0
730,305,158,1010,201,216,291,621,376,1100,1230,55.2,61.7,213,772,235,0.64,105,611,57.6,0,0
979,329,142,1030,143,265,330,559,385,955,1250,50.6,55.5,187,971,156,1.31,56.5,736,50.2,0,0
1140,318,145,941,137,333,327,402,383,755,1200,56.7,57.6,183,1310,123,2,36,891,8.74,0,0
1240,299,150,839,140,488,375,457,360,620,1060,69,61,160,1330,121,1.27,9.86,921,0.97,0,0
1220,268,142,756,167,731,376,509,349,619,601,80.8,67.1,116,1270,114,0.74,0.32,992,0,0,0
1230,225,134,937,214,765,383,350,363,615,622,76.3,82.9,315,1260,111,0.8,0,693,0,0,0
1250,214,153,916,254,625,378,511,326,515,723,71.7,87,600,1540,89.6,0.92,0,751,0,0,0
1230,308,171,682,295,404,378,548,282,445,529,70.4,91.7,747,2030,63.7,23.8,0,689,0,0,0
1220,362,177,695,290,322,460,457,229,569,526,69.7,65.6,965,1980,44.7,121,0,683,0,0,0
1200,363,190,644,331,286,602,466,251,557,465,66.3,58.8,945,1690,25.1,90.5,0,557,0,0,0
1150,336,180,583,311,216,1240,452,313,530,346,61.2,51.8,878,1360,16.7,21,0,715,0,0,0
1060,404,171,580,350,144,1560,385,270,618,312,56.7,55.7,488,1410,64.6,2.81,0,1110,0,0,0
842,470,163,503,350,150,1530,466,379,594,296,63,54.1,714,1230,143,1.25,0,1040,0,0,0
1120,502,168,883,394,145,1440,304,537,656,282,63.8,44.1,587,833,454,0.87,0,872,0,0,0
1090,502,171,871,520,156,1380,213,635,688,274,64.8,40.8,655,545,582,0.55,0,641,0,0,0
827,465,214,775,554,176,1160,269,621,1110,252,66.5,40.1,647,570,723,0.37,0,623,0,0,0
1010,490,206,743,574,166,495,347,648,1130,259,59.6,38.5,521,519,762,0.038,0,513,0,0,0
963,488,208,820,526,160,467,329,651,1260,237,48.4,38.2,783,582,813,0.41,0,599,0,0,49.8
929,454,206,720,505,155,355,287,623,1660,224,56.6,37.8,440,693,816,2.01,0,552,0,0,78
1030,421,198,873,597,149,479,259,523,1720,224,49.1,36.5,468,651,554,18.1,0,601,0,0,33.5
1000,403,185,882,492,168,374,192,543,1540,234,51.1,35,470,471,328,51.2,20.6,591,0,0,64.4
998,304,167,743,360,186,317,155,422,1440,249,47.7,36.8,450,251,269,81.7,108,305,0,0,122
652,277,148,753,397,174,309,143,906,1390,246,45,41,439,176,335,81.8,117,271,0,0,326
619,221,133,627,621,205,331,141,469,1400,249,42.9,47.4,481,83.6,344,73.4,122,283,0,0,258
657,210,158,1170,586,360,271,134,537,1360,253,39.2,50.2,367,27.1,280,99.6,203,344,0,0,16
660,286,161,983,646,259,199,109,388,1430,250,42,52.1,174,40.9,303,92.2,247,331,0,0,1.713
667,402,135,936,636,479,134,105,279,1420,234,49.4,53.6,103,62.5,305,98.2,266,758,0,0,0
652,452,121,724,722,511,135,150,333,1290,265,46.5,57.8,143,68.5,385,136,339,427,0,0,40.9
646,588,123,712,683,327,156,141,500,1180,286,48.4,66.1,190,203,722,119,363,322,0,0,463
614,558,118,562,558,272,126,126,514,891,197,55.6,74.1,601,317,502,62.9,366,301,0,0,353
503,600,112,534,544,213,120,121,686,572,161,56.1,71.8,389,590,307,15.5,379,283,0,19.6,175
590,696,105,755,387,142,90.1,118,714,481,153,54.8,67.4,193,603,243,14.7,384,172,0,27.3,232
560,678,108,534,385,108,67.8,112,562,464,161,48.2,65.6,112,494,274,15.5,477,43.1,0,6.24,219
526,757,105,611,253,72.1,74.5,94.1,406,431,155,38.9,62.6,69.4,586,238,56.7,430,2.91,0,2.92,265
569,589,187,518,234,58.9,67,75.5,241,313,151,32.9,57.7,34.7,493,192,143,322,0.36,0,67.3,244
636,624,210,528,167,50.8,61.4,67,214,218,151,36.2,59,1.02,972,162,171,295,0,0,120,393
622,338,200,690,120,55.3,72.6,63,200,177,151,52.1,55.5,0,875,157,135,513,0,0,109,550
589,275,179,763,117,57,142,59.3,165,192,167,101,50.8,0,987,78.4,66.4,364,0,0,37.5,677
589,286,168,954,133,59,157,49,148,163,403,131,46.5,0,1080,59.9,8.85,381,0,0,0.42,674
860,437,155,1030,207,56.8,118,60.5,180,137,697,109,45.3,7.99,1020,50,0.23,292,0,0,3.92,623
921,326,130,1070,360,53.3,69.3,59.3,174,131,807,90.4,54.8,23.3,1020,45.4,0.61,362,0,15.7,15.1,677
1050,508,118,870,512,49.5,55.1,60.4,177,123,386,82.7,75.3,33.9,1020,49.1,1.97,402,0,80.3,29.5,773
823,452,108,979,299,42,108,66.7,190,112,260,51.9,88.7,35.9,1140,37.9,11.5,541,0,80.3,5.17,723
830,351,100,766,311,37.3,190,79.8,182,73.7,171,41.7,108,47.1,1090,39.9,141,601,0,25.4,0.39,586
852,280,69.6,804,331,48.3,295,73.3,159,53.6,162,40.5,119,43.9,832,47.3,209,377,0,26.1,0.012,334
808,308,61.3,985,355,54.3,203,66,134,121,164,40.3,122,25.7,783,89.2,226,202,91.3,9.36,0,218
822,316,54,910,566,48.3,131,76.3,134,144,160,40,103,14,424,179,202,113,107,5.57,0,229
754,488,47.5,1180,634,38.3,113,44.4,360,139,325,41.8,95,2.65,194,119,208,33.4,147,54.5,0.12,121
667,268,45.6,1010,802,33.5,95,40.3,497,118,451,45.2,104,2.55,203,152,173,1.62,187,59,0.43,33.9
794,276,36.8,953,649,41,161,46.6,438,102,343,46.4,76.6,3.48,154,125,116,18.4,244,49.5,0.15,41.2
776,528,34.2,995,707,50.5,313,54.8,399,80.6,388,54,60.6,10.9,103,311,44.5,41.5,197,8.29,0,92.2
806,354,24.4,1050,570,69.4,257,52.2,322,60,346,62.2,52.3,43.8,90.1,429,44.6,32.7,242,26.5,0,65.7
766,392,13,753,545,85.1,255,43.7,491,51.5,450,68.2,42,106,49.5,602,43.6,11.9,649,11.6,0,54.9
762,412,6.45,618,275,142,258,43.4,650,79.8,379,69.3,35.6,78.9,23.6,574,20,0.51,676,22.5,0,54.1
818,398,6.45,700,247,158,241,56.8,665,93.3,434,117,38.1,60.5,11.7,594,11.6,0,981,121,0,16.3
848,834,5.07,657,284,136,222,149,621,102,263,161,45.9,56.8,24.6,689,2.3,0,1260,296,0,0.9
930,766,2.7,500,244,104,144,192,631,121,182,141,47.5,105,154,920,3.92,0,1340,236,0,3.89
869,740,5.98,305,274,119,105,273,698,110,171,88.2,29.7,174,390,938,2.87,0,1220,79.3,0,6.388
935,800,70,492,260,160,68.5,487,564,141,168,67.2,26.5,227,386,1010,1.15,0,1220,144,0,0
957,844,79.8,493,278,150,109,580,638,161,192,116,25,488,422,1020,0.16,0,1120,159,0,0
809,930,56.8,513,290,111,143,566,598,143,241,121,31.6,582,345,948,0,0,1130,126,0,0
451,1000,53.5,427,221,102,125,518,626,150,239,100,30,559,265,986,0,0,1100,100,0,0
333,913,50,451,165,97.5,94.6,661,514,121,235,89.4,27.1,437,498,1060,0,0,1090,67.4,0,21.3
478,800,41.7,385,114,89.8,55.6,638,445,170,230,68,25.8,509,418,984,0,0,1210,4.2,0,18.2
409,822,33.7,418,72,67.5,52.3,830,334,134,235,60.6,27.7,510,775,846,0,33.3,1130,0,28.6,1.843
388,857,28,324,45.2,77.8,101,1000,494,114,207,58.7,29.6,525,766,573,0,273,1030,0,18.8,0
249,857,26.3,276,16.7,281,147,750,645,162,195,70.3,26.2,588,858,273,0,222,858,0,20.6,0
269,822,23,228,9.05,150,467,700,596,300,140,94,25.8,700,1060,222,0,246,817,0,23.4,0
287,736,16.8,363,9.05,146,411,796,523,573,106,69.7,34.8,829,1150,317,0,125,623,0,4.45,0
216,801,11,327,5.65,138,214,796,622,675,85.9,43.7,35.4,800,1210,302,0.17,117,637,0,0.12,0
164,398,16.5,350,2.1,95.7,119,651,507,783,75.6,31.2,38.8,554,1170,447,64.2,78.1,463,0,43.2,0
134,450,16.5,274,11.5,59.6,83.8,606,305,839,68.8,28.5,106,415,1210,285,30.8,74.5,443,0,51.7,0
98,579,15,294,17.6,38.2,58.5,546,187,943,50.1,28.8,135,426,1100,203,10.7,65.7,170,0,59.3,0
78,532,15,202,4.81,16.7,63.8,570,175,1100,47.5,28,157,471,847,175,2.81,118,61,0,25.4,0
65,428,7.75,205,0.37,8.37,55,375,247,1070,53,25.9,206,389,390,114,4.6,292,14.3,0,0.18,0.043
48.5,360,17.5,191,0.002,5.18,30.9,224,370,874,52.5,24.7,201,618,301,45.7,9.34,285,0.82,0,0,173
26.8,476,42.8,206,0,3.83,23.9,509,428,844,45.7,23.7,238,729,455,12.9,27.8,347,0,0,0,319
9.55,500,54.9,180,7.19,3.25,128,431,298,781,46.2,23.3,230,808,458,0,33.4,427,0,0,0,245
1.47,510,49.7,152,186,1.08,103,374,344,849,47.5,23.1,214,632,543,0,38.8,372,18,0,0,224
0.23,482,37.3,131,373,0.051,69.7,351,501,998,46.6,25.5,200,539,485,0,51.6,389,6.01,0,0,210
0,568,28.1,172,296,1.06,32.7,559,543,1060,46.6,26.8,148,347,450,0,103,386,0,0,0,241
0,532,20.1,157,296,0,46,605,541,1320,43.5,17.4,96.1,373,477,0,137,210,0,0,0,230
0,661,25,120,272,0,89,979,551,1400,43.9,16.7,79.1,420,576,0,48.5,210,0,0,0,203
0,781,29,71.5,242,0,114,1110,533,1410,71.2,17.2,79.5,468,819,0,7.7,215,0,0,0,175
0,638,22,46.8,181,0,86.8,981,447,1410,101,18.7,119,359,877,0,0,213,0,0,0,143
0,592,19.3,28.8,139,0,86.5,958,459,1340,98.8,20.6,95.8,263,947,0,0,213,0,0,0,126
8.58,568,18.5,15,139,0,98.8,998,519,878,77.1,24.4,55.6,315,912,0,0,204,0,0,0,100
82.9,551,17.8,3.09,92,0,84.1,968,471,859,62.4,24.3,42.5,288,952,0,0,213,0,0,0,72.5
86.5,584,10.8,0,79.1,0.6,64.9,1030,481,696,56.9,24.1,36.8,321,1030,0,0,192,0,0,0,15.6
78.2,547,9.5,0,33.1,52,32.8,1030,441,960,41.5,22.6,42.1,267,1160,280,0,178,0,0,0,2.248
66.8,514,11.7,0,17.3,142,17.4,1100,328,1030,73.6,18,48.3,120,917,172,0,155,0,0,0,0
55,608,7.1,0,10.9,111,10.9,1150,285,1030,113,21.6,47.1,96.7,929,35,0,113,0,0,0,0
135,735,4.15,0,4.28,61,24,1220,360,1090,106,32.1,39.3,54.8,924,5.31,0,75,0,0,0,0
266,795,2.68,0,0.42,26.1,13.7,1640,321,863,82.4,43.1,37,32.7,1040,0,0,19.9,0,0,0,0
217,810,1.25,0,0.01,5.84,4.67,1900,382,725,54,65,71.2,23.8,1060,99,0,2.22,0,0,0,0
251,818,7.23,0,0,0.23,26.6,1690,392,719,29.3,86.1,98.7,9.67,918,316,0,0.045,0,0,0,0
223,840,21.7,58.3,0,1.72,37.2,1540,470,636,23.1,174,84.2,1.55,633,285,0,0,0,0,0,0
151,818,18.5,86.2,0,0.2,24.6,1420,555,782,23.4,192,79.4,0,477,379,0,0,0,0,0,0
198,660,8.17,73.3,32.1,0,15.5,1260,557,782,21.9,184,60.4,19.4,537,704,0,0,0,0,0,0
248,513,14.6,80.6,83.1,0,3.72,1300,369,849,20,192,51.5,30.6,320,812,0,0,0,0,0,0
250,458,29.5,101,85.1,0,0.16,1320,515,948,19.5,309,41.3,46.8,638,954,0,0,0,0,0,0
243,450,40,120,214,0.26,0,1270,458,1150,20.7,337,38.9,68,720,1080,0,0,0,0,0,0
244,367,62.3,118,205,2.28,0,1270,426,1150,26.5,359,38.7,33.2,825,1270,0,0,0,0,0,0
201,160,56.8,107,215,1.4,0,1220,228,1110,43,494,44.1,16,720,1610,0,0,0,0,0,0
197,223,45.7,82,244,0.29,0,1320,354,1020,43.8,800,58.3,46.5,804,1810,0,0,0,0,0,0
124,242,38.5,74,254,0,0,1500,557,978,44.2,839,97.3,48.9,873,1990,0,0,0,0,0,0
114,174,32,69.3,288,0,0,1690,581,905,45,831,91,66.6,816,1990,0,0,0,0,0,0
102,133,22.7,59.7,385,0,0,1560,701,718,44.8,839,82.4,506,833,2010,0,0,0,0,0,0
92,95.9,20.8,34.5,385,0,0,1320,754,641,44.3,884,65.5,832,676,2390,0,0,0,0,0,0
87.8,70.2,16.7,24.4,475,0,253,1120,598,663,44.6,1050,46.1,892,545,2700,0,0,0,0,0,0
64.3,50,14.8,28.3,558,0,711,699,544,824,43.3,1040,22.5,933,251,2520,0,0,0,0,0,0
41,33.5,12.5,27.2,642,0,828,238,443,1010,39.4,1070,19.2,621,612,2440,0,0,0,0,0,0
24,23.1,13,24,770,0,1190,169,385,1250,33.9,878,18.9,568,718,1690,0,15.4,0,0,0,0
13.5,22.1,7.43,16.8,893,0,1230,144,525,1330,25,582,17.6,815,895,1230,0,15.8,0,0,0,0
9.6,23,0.39,20.4,994,0,866,99.8,575,1230,20.7,351,11.8,912,938,951,0,8.95,0,0,0,0
18.5,17.5,0.028,16.5,967,0,898,43,671,1160,27.2,625,9.3,493,724,654,0,0.31,0,0,0,0
20.5,14.3,0.25,11.3,855,0,1080,10,759,801,26.3,691,7.33,554,510,744,0,0,0,0,0,0
40.6,13.5,0.44,4.65,770,0,1140,3.4,889,753,45.1,656,6.2,298,724,678,0,0,0,0,0,0
73.5,10.7,0.77,2.95,670,0,1100,0.39,837,626,134,764,4.48,187,623,585,0,0,0,0,0,0
65.9,8,0.033,0.48,620,0,992,0,717,403,183,819,0.41,118,927,552,0,0,0,0,0,0
51.2,12,16.6,0,570,0,963,0,825,466,254,581,0,26.6,1160,409,0,0,0,0,0,0
56.3,27.3,20.3,0,399,309,949,0,1080,378,287,356,0,3.3,1180,244,0,0,0,0,0,0
66.3,142,17.3,0,306,139,982,709,1630,362,258,445,0,0,1230,248,0,401,0,0,0,0
75,301,6.78,0,299,133,960,956,1730,394,160,468,6.41,0,1370,150,0,620,202,0,0,0
98.5,458,6.5,0,245,103,1010,1170,1780,209,182,532,7.31,0,1300,146,0,363,435,0,0,0
309,638,22.2,0,245,89,1160,1160,1700,209,463,717,5.64,0,1190,141,0,303,680,0,0,0
506,745,79.5,0,265,86,1130,1230,1550,132,2100,1700,5.34,0,1070,108,0,365,904,0,0.26,0
770,991,211,0,708,97,828,1190,1490,75.2,1510,2310,5.87,0,939,71.8,0,628,1140,0,0.005,0
1250,945,475,0,976,104,711,925,1630,57.8,1130,1320,5.25,0,1020,82.8,0,589,1160,0,0,0
1000,945,420,0,1400,97,663,728,2190,67,954,812,5.04,0,1790,102,0,466,1210,0,0,0
808,1030,522,0,2630,148,663,639,3120,55.5,957,796,5.14,0,1830,99.6,0,427,1470,0,0,0
826,1500,791,166,2740,938,757,426,3580,45.9,1320,705,51.9,0,1310,85.4,0,110,1320,0,0,0
941,3190,2440,438,1590,2600,660,506,3740,58.1,1990,697,247,0,1390,67.4,0,164,883,0,0.078,0
1160,4630,1850,892,1420,2430,578,741,4620,108,1620,633,276,0,2100,54.2,0,487,751,0,0.6,0
1280,4710,1420,1230,1210,2690,528,919,4270,121,1250,627,575,0,3510,50.3,0,671,1050,0,0.3,0
1080,5010,1250,1120,849,3270,536,1070,3280,134,880,559,1920,0,2680,40.7,0,434,2140,0,0.01,0
1060,4370,1290,1010,758,2850,485,1030,2820,212,997,538,2710,0,1870,33.4,0,362,2860,0,0,0
972,3960,1410,993,753,2130,658,994,2710,366,2040,521,2280,232,1610,26.3,0,308,3140,0,0,0
965,3250,1730,1310,736,1910,1070,1020,2680,1170,2260,530,1520,773,1320,18.6,0,723,2690,0,0,0
948,2320,1980,1320,821,1860,920,785,2980,2130,1840,675,1290,796,1070,14.6,0,803,1610,0,213,0
938,2170,2570,1080,570,1900,853,629,3550,1990,1540,898,1110,802,987,27.7,0,868,1510,0,530,0
817,2010,2750,936,347,2670,791,616,3680,1830,1380,649,1110,806,1130,30.1,0,826,1500,0,498,0
825,1930,2320,778,544,3290,699,825,3810,1340,1420,588,1430,756,1240,18.6,0,820,1390,0,544,0
1270,1760,1920,723,606,2130,1010,1050,3510,1100,1640,523,1840,744,1010,6.67,0,1060,1260,0,856,0
2230,1440,1500,479,325,1430,745,1220,2730,918,1840,510,1280,1120,963,10.5,61.5,1250,1160,0,1530,0
2750,1130,1550,414,340,1200,673,1450,2310,729,2060,600,1320,2210,975,39.6,320,949,1130,145,1370,0
2670,935,1280,505,516,995,648,1750,1800,680,2130,619,1740,1580,832,48.3,394,888,1120,877,1070,0
2660,840,1320,437,347,1250,648,2820,1630,858,1970,589,2350,1480,1170,57.6,148,888,1050,413,1130,0
2400,760,1960,445,251,1730,635,3670,2080,983,1860,652,2670,1720,1040,42.7,71.2,1010,947,943,1080,0
2120,1080,2600,540,193,2130,765,3220,2750,949,1840,466,2060,3750,1130,43.2,11.3,1570,1000,1270,1230,0
1910,1110,3020,579,221,2380,850,2810,3070,883,1570,302,1960,4150,1240,1140,0.093,2300,967,1640,1280,0
1900,1590,2720,719,173,2420,858,2680,3490,875,1380,195,2170,2490,1190,1280,0,2580,954,1840,1210,0
1950,1600,2010,1080,135,2040,778,2790,4090,883,1190,159,1710,1780,1230,1150,0,2010,1100,1500,1290,0
1950,1680,2040,909,709,1630,735,2960,4520,1140,1080,109,1390,1460,1540,1070,0,1880,2160,1350,1300,0
1950,1640,2890,794,1400,1530,633,3160,4290,1100,1010,53.5,1330,1390,2200,1070,38.5,1870,2210,1340,1490,0
2110,1570,3400,1170,1600,1960,855,3420,3930,897,980,24.8,1400,1420,1700,1800,220,1520,1890,1350,1660,0
3110,1530,2210,1470,2140,1670,4180,3670,3410,900,1160,16.1,1420,1210,1510,2210,96.5,1390,1280,1500,1680,0
3340,1710,1740,1660,1350,1480,4880,4360,3250,938,1550,12.3,1570,1050,1460,1620,123,1430,1130,1800,1880,0
2570,1700,1050,1860,995,1110,5060,4960,3750,805,1360,14.8,1790,951,1570,1320,47,1610,1020,1030,2140,0
1940,1790,920,1990,771,694,5240,5220,4270,821,1210,19.2,1620,1050,2060,1160,37.1,1970,783,1090,2430,778
2240,3090,744,1380,1020,864,5400,5200,4070,881,855,22.3,1400,1340,1700,954,11.4,2220,800,1300,2600,188
3260,2720,529,1530,928,774,5580,4780,4630,875,741,46.5,1410,1500,1360,690,181,2260,976,808,2690,2.362
2620,2610,642,1840,1310,744,5760,4350,5480,944,720,85.8,1710,1060,1150,396,473,2480,1700,1050,2700,0
1920,3450,628,1810,489,749,5620,4310,5010,805,613,319,2120,1050,1030,385,781,2900,2540,1440,2700,0
1450,3920,764,1550,257,745,5090,4230,4900,930,612,598,2650,907,886,312,1000,3070,3010,1630,2840,0
1350,3770,1250,1250,236,1150,4470,3950,4870,1640,488,707,3960,505,792,310,1120,2750,2830,1440,2950,0
1560,2870,2640,1090,178,1120,3940,3660,4590,978,387,460,4090,372,826,249,1280,2150,2400,1230,3130,0
2060,2520,1610,1040,105,940,3770,3650,4480,822,344,234,4260,236,651,273,1400,1980,2320,1170,3250,0
2460,2110,841,1090,75.7,870,3630,3810,4400,810,271,189,4740,176,663,281,1610,1720,2500,1290,3320,0
2480,1980,510,1680,141,954,3770,4030,4460,823,457,115,4580,179,811,169,1660,1580,2820,1390,3460,0
2510,1730,630,3020,145,1260,4290,3710,4250,912,604,193,4540,517,834,130,2050,1720,2560,1410,3470,0
2710,1590,552,3580,131,1150,4510,3290,4010,1210,1200,226,5040,763,1050,118,2540,1930,2610,1220,3630,0
2800,1730,683,3630,93.7,820,4580,3040,3870,1390,1520,294,5120,1140,1680,111,2700,2010,2550,1240,3890,0
2890,1680,1120,2580,101,1320,4240,3160,3810,1240,1360,332,5220,1510,2400,125,2920,2020,2080,1440,4000,0
3200,1510,1200,2090,109,2600,3360,3060,3660,1290,1300,273,4280,1890,2500,119,2960,2150,2020,1360,3950,0
2930,1340,1120,2040,56.4,2800,2540,2980,3410,1620,1270,345,4170,2160,2410,216,2430,2120,1850,1370,3290,470
2960,1490,990,1990,10.5,2850,2070,3140,3310,1850,1160,229,4770,2670,2030,474,2220,1980,1700,1380,2550,260
3870,1420,795,1910,127,2970,1870,2610,3260,1730,1100,266,4930,3250,1820,492,2020,1920,1660,1300,2360,181
4430,1550,464,1890,1010,3130,1620,2000,3080,1400,1020,269,3870,3110,1710,586,2080,1900,1540,1460,2040,138
4320,2370,391,2110,330,3350,1380,1740,2830,1170,970,450,2900,2580,1720,758,2220,2040,1560,1600,1720,105
4020,1940,338,2290,581,3700,1220,1640,2780,1110,905,513,2310,2220,1810,630,2400,2090,1650,1640,1590,42.6
4420,1430,295,2310,675,3960,1070,1860,2650,1080,933,528,1940,1960,1860,626,2200,1940,1810,1630,1440,7.13
4750,1260,245,2360,908,4080,958,2330,2470,1060,950,563,1910,1940,1990,757,1600,1890,1870,1600,1350,25.2
4870,1370,368,2320,1170,3880,825,2980,2390,1270,1100,717,2130,1830,2030,696,1270,1870,1400,1420,1570,79.6
4970,780,524,2350,1090,2890,773,3220,2220,1860,1140,850,2150,1760,1870,660,1190,1970,1310,1460,1540,128
5240,713,930,2190,1090,2370,798,3170,2690,2140,1170,2180,1910,1650,1730,673,1400,2010,1370,1610,1460,84.9
5470,1290,1260,1960,684,2020,985,3360,3550,2110,1070,1880,1770,1780,1950,737,1630,1920,1320,1640,1480,46.1
5480,1240,1920,1890,505,1940,1190,3510,2580,2030,995,1250,1700,1880,2450,836,2050,1780,1330,1720,1510,5.444
5780,1100,1550,1900,510,2290,1640,3440,2090,2190,890,1180,1670,1940,1780,899,2270,1820,1390,1900,1490,0
6090,985,2100,1820,1010,2430,2430,3330,1750,2290,848,1360,1630,1990,1540,822,2530,1830,1900,1930,1410,0
6840,800,2270,1710,825,2670,2560,2940,1530,2100,794,1420,1650,2090,1480,640,2500,1850,2370,2100,1440,0
7670,418,2350,1440,1040,2980,2400,2470,1560,1830,735,1430,1780,2170,1390,511,1500,1660,2140,2280,1610,0
7990,666,2350,1250,1060,3360,2420,2290,1600,1780,672,1160,1730,2190,1320,386,1130,1460,1360,2210,1690,0
7910,816,2370,1120,1250,3500,2420,2470,1580,1800,667,1040,1500,2210,1390,360,1190,1310,1460,2220,1730,0
7500,630,2340,1120,1590,3620,2170,3150,1360,1860,648,995,1390,2170,1560,339,1010,1230,1430,2180,1740,0
7090,385,2400,1290,1870,3800,2080,3560,1860,1810,675,959,1330,2230,1640,354,901,1190,1390,2030,1770,0
6680,454,2810,1500,1380,4170,1970,3700,4240,1680,738,915,1310,2190,1500,504,890,1220,1320,1930,1840,0
6330,731,3350,1630,1210,4400,1780,4090,5000,1610,880,896,1190,2130,1400,234,987,1210,1280,1970,1810,0
6110,491,3120,1700,1060,4520,1730,3550,4970,1730,995,912,1130,2130,1370,278,958,1110,1200,1990,1630,0
5810,419,2750,1840,820,4800,1670,2780,4370,2100,1190,827,1290,2200,1430,372,963,980,1140,2020,1380,0
5280,494,2530,2050,820,4860,1430,2370,3420,2520,1400,889,1350,2200,1550,353,998,921,1090,2040,1110,0
4720,437,2530,2360,820,4700,1280,2030,2860,2840,1170,810,1140,2170,1650,414,945,872,792,1960,878,0.038
4590,438,2750,2750,740,4220,1270,1810,2500,3460,945,785,1030,2370,1410,748,926,896,778,1930,806,132
4590,516,2920,2800,740,3770,1280,1630,2190,5310,740,800,891,2420,1220,591,916,942,898,1830,972,10.3
4440,419,3040,2890,975,3550,1250,1660,2030,6040,577,744,794,2060,1110,375,891,1010,1040,1530,1250,0.006
4440,657,3220,2840,1830,3510,1030,1600,2030,6240,526,543,589,1830,1140,848,902,965,923,1340,1410,0
4680,1120,3680,2700,1640,3600,1200,1480,2030,5590,438,341,342,1690,1110,820,966,1000,742,1240,1620,0
4660,1480,4250,2380,1110,3620,1430,1830,1970,4960,383,191,284,1760,1060,788,1030,968,409,1210,1810,0
4700,1660,4390,2010,981,3680,1510,2070,1990,4720,339,132,253,1770,965,732,1130,977,471,1150,1580,0
4540,1660,4030,1840,753,3610,1590,2100,2100,4580,330,71.2,214,1690,880,729,1280,949,417,1150,1150,0
4540,1640,3790,1820,773,3890,1660,2280,3260,3880,256,41.7,303,1820,854,271,1410,835,337,874,870,0
4550,1590,3570,1930,685,4080,1500,3070,4930,3800,163,30.1,365,2190,921,256,1340,645,269,433,683,0
4020,1370,3590,2230,793,3830,1480,3380,5710,4660,149,20.7,335,2480,1280,210,1340,653,234,292,631,0
3780,1230,3550,2180,880,3950,1430,3110,6010,4770,127,15.9,292,2590,1620,186,1530,593,215,271,569,0
3650,1140,3510,1980,860,4050,1330,3040,6330,4560,112,8.74,334,2670,1200,144,1690,426,97.5,161,587,0
3620,1130,3450,1690,770,4240,1400,2990,6310,4180,104,0.87,303,2850,1060,95.3,1470,303,32.7,136,609,0
3810,1130,3430,1570,965,4340,1710,3510,5920,3910,104,0.7,280,2930,1360,69,1070,254,20.9,63.7,438,0
2070,1130,3130,1560,1070,4440,1850,4290,5020,3800,84.5,0,227,2790,1280,41.4,1120,193,6.45,21.8,315,0
1910,1020,2480,1680,970,4670,1680,4090,4440,3570,89.4,0,191,2260,693,33.3,1090,157,0.31,50.4,208,28.5
2680,1000,2070,1650,930,4850,1640,3440,4090,3500,125,0,147,1710,489,44.6,890,123,0,189,171,35.7
3280,1010,1640,1880,910,5090,1930,2930,3750,3570,108,0,139,1470,329,49.2,964,59.1,0,434,120,36.5
3440,1150,1550,2320,908,5220,2090,2780,3430,3660,103,0,97.8,1360,564,60.1,1080,65.7,0,399,477,28.9
3420,998,1650,2370,1180,5230,1970,3290,3190,3780,91.7,0,87.9,1480,894,87.7,1040,62.7,0,364,636,0.127
2990,749,1900,2340,1260,5400,1900,4600,2960,3520,92,0,112,1320,580,159,986,37.5,0,396,623,4.208
2760,605,2230,2330,1640,5450,2060,5370,2850,3340,116,0,133,1150,400,296,980,7.79,0,377,521,0
2320,555,2330,2430,1840,5520,2200,5680,2640,3390,90.2,0,141,1090,403,363,996,0.13,0,579,478,0
2210,457,2020,2500,2320,5350,2160,5640,2530,3750,62.2,0,153,1090,295,316,976,5.27,0,657,599,0
2320,654,1860,2500,2850,5090,2170,5000,2400,3630,64.4,0,163,945,249,250,966,57.6,0,529,594,0
2640,524,1770,2510,3020,4760,2320,4530,2300,3680,55.2,0,167,894,418,205,931,148,0,586,549,0
2700,393,1800,2390,2470,4510,2370,4080,2280,3550,82,0,190,736,406,179,594,521,0,664,659,0
2640,580,1670,2270,1870,4290,2220,3810,2310,3510,164,0,176,764,637,173,539,629,8.46,609,455,0
2660,441,1740,2270,1550,4050,2200,4110,2160,3530,233,6,184,598,768,161,656,727,55.7,706,354,0
2870,483,1960,2160,1430,3740,2320,4440,2060,3850,221,33.1,266,528,534,145,857,1010,74.9,819,429,0
2740,384,1730,1970,1430,3180,2480,4590,2070,4010,199,290,546,613,461,110,876,1050,213,820,550,0
2500,446,1620,1940,1500,2810,2430,4850,2050,3950,163,381,672,509,365,93.3,806,1210,433,706,736,0
2380,544,1550,1710,1410,2760,2300,5070,1840,3930,157,382,723,550,246,89.2,868,1210,570,767,480,0
2250,483,1480,1580,1360,2800,2410,5210,1760,4000,161,314,826,522,378,103,793,1270,542,679,444,0
1930,467,1620,1530,686,2470,2290,5200,1720,3800,179,431,898,441,257,112,900,1180,603,648,430,0
1860,507,1760,1520,1280,2370,2220,5060,1840,3330,268,474,955,605,277,107,577,1250,643,645,438,0
1790,551,1980,1490,1640,2160,2290,4850,1930,2940,418,376,826,614,358,81.2,557,1280,528,793,381,0
1700,356,1470,1270,1320,2160,2340,4720,1900,2600,673,402,835,607,629,67.9,431,1200,436,707,409,0
1580,460,1360,1120,1210,2020,2260,4470,1620,2430,560,446,1050,538,565,60.9,821,632,387,510,363,0
1610,555,1670,921,1330,2160,2070,4130,1080,2050,427,607,1130,745,531,66.9,886,610,568,398,339,0
1610,514,1570,1270,1360,2370,1810,3860,910,1830,342,346,1020,726,764,65.5,699,679,396,408,387,0
1710,606,1730,1230,1480,2190,1560,3650,710,1800,344,357,1010,725,723,62.4,590,550,320,493,472,0
1480,560,1800,1310,1420,2020,1410,3740,925,1890,387,374,881,825,816,63.8,471,680,365,414,591,0
1440,523,1630,1140,1530,1750,1310,3790,1220,1980,380,313,656,1360,793,59.3,494,512,336,506,410,0
1460,572,1570,1380,1300,1510,933,3730,1130,2240,354,232,847,1720,779,48.8,513,453,418,486,575,0
1540,492,1500,1280,1150,1470,1090,3410,1220,2190,340,229,641,1580,616,41.7,456,465,508,469,588,0
1750,720,1480,1080,948,636,933,2980,1540,2030,355,385,551,1600,587,36.8,534,456,636,489,558,0
1460,767,1390,1060,1160,951,1150,2790,1690,2040,350,419,630,1400,426,33,498,421,707,393,892,0
1600,994,1360,763,1100,937,1080,2590,1500,1960,344,330,586,1210,454,66.1,529,707,526,419,925,0
1780,1340,1330,838,823,1010,1060,2380,1240,1820,344,277,544,1260,360,150,426,671,392,381,1010,0
1810,1570,1390,870,1200,983,962,2370,1150,1840,332,278,641,1310,415,150,487,658,444,368,739,0
1860,1510,1310,958,897,1200,754,2380,1120,1630,318,347,369,1110,404,118,718,787,442,324,622,0
1440,970,1300,987,761,1260,714,2310,1100,1510,338,402,456,500,408,96.7,692,813,495,342,784,0
840,835,927,915,534,988,688,2260,1120,1560,380,500,359,587,528,84.6,1040,833,415,330,750,0
760,769,1140,588,585,919,668,2250,1200,1560,394,416,411,478,579,75.3,1030,720,476,381,770,0
878,686,1190,518,475,915,734,2130,890,1770,370,306,496,500,567,65.8,1030,811,390,534,909,0
870,678,1220,482,467,918,719,1970,785,1730,370,460,484,685,539,95.8,1010,873,516,529,803,0
907,641,1310,520,480,963,733,2040,542,1770,354,507,489,818,618,131,882,641,574,483,869,0
1030,907,1260,480,554,853,817,2130,541,1820,320,390,458,651,540,140,884,667,584,390,851,0
1090,656,983,458,640,572,791,2120,598,1700,302,255,350,699,776,121,884,509,741,449,823,0
835,574,722,413,614,489,802,2090,692,885,290,238,378,804,672,146,895,627,745,499,845,0
800,766,525,359,530,491,867,2140,488,1360,319,189,372,857,780,160,723,770,773,503,861,0
675,720,482,417,432,471,755,2070,663,1350,328,186,364,838,819,165,824,980,776,537,672,0
680,613,394,451,400,449,750,1610,884,1350,287,170,360,674,942,163,760,1080,747,619,659,69.2
660,649,435,454,341,508,771,1410,1050,1490,260,152,361,689,580,129,706,796,720,487,594,149
610,684,563,448,401,573,1160,1660,749,1450,233,155,356,647,894,109,719,771,675,552,685,81.5
555,647,585,425,362,473,778,2020,965,1460,230,162,312,629,814,96.7,663,703,588,474,392,60.1
535,710,535,390,281,377,1130,2050,915,1690,207,270,274,439,739,99.6,645,663,610,470,441,64.8
520,645,615,365,322,384,758,1940,668,1050,173,340,228,446,591,86.5,489,590,819,324,399,20.9
500,600,605,350,551,344,729,1700,589,1290,168,283,209,413,594,76.2,460,617,756,245,486,35.5
507,560,443,358,666,349,756,1570,685,1010,165,229,196,397,518,65.2,425,598,719,276,476,56.2
515,600,513,328,746,445,868,1690,802,854,142,208,195,404,486,52.1,337,563,803,293,342,32.8
500,570,452,351,625,473,1030,1950,656,841,143,440,199,399,551,40.6,311,514,898,408,448,33.9
447,600,377,348,625,463,1020,1990,963,947,149,867,200,796,444,27.6,279,510,748,437,398,49.1
397,550,337,303,547,485,967,1970,564,930,173,1110,192,924,495,24.4,274,502,911,339,339,48.7
389,740,378,246,640,728,1220,1990,634,1010,178,1160,194,865,648,36.8,284,492,741,253,247,16.477
400,705,403,200,543,718,908,1950,523,868,198,1100,197,786,1000,56.6,263,610,771,277,161,20.5
389,673,506,170,495,650,917,1850,645,1050,235,1210,152,747,1030,49.5,279,580,790,325,168,93.3
355,645,750,160,592,643,1110,1690,670,764,267,1100,126,623,693,25.7,563,539,687,366,157,44.1
319,550,807,155,745,638,751,1640,741,904,256,955,125,528,662,19,760,548,753,315,180,21.9
295,647,868,150,710,598,701,1600,1340,913,236,779,123,686,571,51.1,751,591,754,379,222,18.8
316,647,845,145,649,537,937,1580,1720,1280,230,678,143,361,575,86.3,752,701,684,472,194,24.1
340,613,754,140,608,455,794,1660,1750,1130,227,600,197,292,422,106,739,789,741,405,197,55.9
355,647,765,140,608,387,740,1610,1620,1110,220,536,246,276,328,227,958,852,801,337,177,87.2
355,625,659,143,590,353,625,1600,1730,736,235,465,220,334,306,294,555,712,1040,280,155,64.7
345,692,605,140,544,309,569,1620,1260,640,258,430,201,450,258,291,543,782,1100,189,106,78.3
333,702,545,142,526,298,518,1440,913,647,268,430,196,604,312,351,583,682,1180,160,54.1,72.8
347,679,480,150,474,267,513,1110,584,634,259,431,198,671,364,364,669,598,1180,166,22.6,48
443,657,470,159,424,261,525,1190,589,616,231,408,224,567,350,257,540,757,1180,173,4.14,37.8
482,673,417,195,405,280,497,1460,817,608,230,387,228,502,374,155,500,843,1150,217,0,63.8
477,728,353,219,406,303,450,1280,969,575,250,386,245,480,411,128,428,887,1170,193,27.4,86.8
434,718,343,306,420,315,404,1380,1000,402,271,390,226,381,462,101,377,661,1200,185,62.8,101
453,718,343,491,424,340,365,1310,1190,336,299,372,163,324,467,51,335,707,1160,168,108,79
482,673,332,617,428,363,346,1390,1070,359,318,348,175,601,509,30.5,317,678,869,127,173,70.7
548,467,338,620,452,365,332,1140,934,400,335,325,217,693,573,21.3,296,667,958,96.3,202,63.3
593,543,490,607,435,373,301,975,1140,387,345,305,179,776,737,23,290,565,974,70.1,196,64.3
615,468,638,697,435,358,282,840,1010,423,348,289,154,831,773,17,217,540,768,69.4,223,58.6
633,510,663,1000,435,348,270,708,752,461,351,285,132,786,698,14.9,192,537,694,132,249,34.5
629,510,675,1440,452,325,257,728,683,498,359,286,111,844,679,16.9,232,551,644,177,255,49
640,541,720,1200,444,298,239,659,712,518,363,295,99,746,702,21.5,313,573,497,203,240,30
662,533,708,1060,478,307,203,596,735,584,366,293,94.1,791,712,47.8,347,531,445,222,220,23
665,604,844,1120,456,285,182,571,717,633,363,297,87.7,751,721,90.2,349,530,364,232,218,5.24
630,735,663,1050,417,258,202,526,647,676,300,292,87.3,875,654,127,400,523,319,253,211,0.024
583,778,640,1150,232,255,267,549,561,630,245,264,89.3,1000,589,167,419,692,352,284,194,0
