"mmdd","dd","Qw","Qw_max","Qw_min","Qw_std","Qs","Qs_max","Qs_min","Qs_std","Qs_m","Qs_m_max","Qs_m_min","Qs_m_std","Qw_m.avg","Qs_m_m.avg"
"1",101,0,529.2682926829,1320,26.5,299.3225078732,1.8434780488,10.9,0.005,2.3256661717,0.695652093886792,4.11320754716981,0.00188679245283019,0.877609876113208,540.389442508714,0.700643977385445
"2",102,1,521.6536585366,1500,22.3,305.9475617631,1.7087987805,12.4,0.004,2.3021563765,0.644829728490566,4.67924528301887,0.00150943396226415,0.868738255283019,532.300243902443,0.690070264285714
"3",103,2,515.4219512195,1370,19.3,281.7956790941,1.5715741463,8.74,0.004,1.9197438126,0.593046847660377,3.29811320754717,0.00150943396226415,0.724431627396226,525.560522648086,0.662944352770889
"4",104,3,511.8780487805,1280,16,267.638393651,1.6422463415,10.7,0.002,2.1292951698,0.619715600566038,4.0377358490566,0.000754716981132075,0.803507611245283,515.252613240429,0.594480507525606
"5",105,4,521.7268292683,1390,13.8,277.0638545754,1.4998939024,7.77,0.002,1.5977591382,0.565997699018868,2.93207547169811,0.000754716981132075,0.602927976679245,510.707665505243,0.557885490760108
"6",106,5,508.2341463415,1380,12.6,261.944551012,1.4705639024,7.22,0.001,1.6340778099,0.554929774490566,2.72452830188679,0.000377358490566038,0.616633135811321,509.848606271786,0.539894563142857
"7",107,6,498.5853658537,1040,12,217.790837228,1.2910582927,5.17,0.002,1.2289390704,0.487191808566038,1.95094339622642,0.000754716981132075,0.463750592603774,509.094250871086,0.527095309973046
"8",108,7,497.4536585366,1080,9.6,239.2416310946,1.1646404878,4.3,0.002,1.1721012374,0.439486976528302,1.62264150943396,0.000754716981132075,0.442302353735849,508.095993031357,0.514489195973046
"9",109,8,515.6402439024,1290,9.25,270.8721218628,1.3750670732,4.94,0.002,1.4813771762,0.518893235169811,1.86415094339623,0.000754716981132075,0.559010255169811,505.846167247386,0.502954964167116
"10",110,9,510.1414634146,1257,10.8,260.7991957192,1.334148,7.24,0.002,1.588581753,0.503452075471698,2.73207547169811,0.000754716981132075,0.59946481245283,505.828048780486,0.495249040824798
"11",111,10,504.8902439024,1140,8.5,243.0769300087,1.4084029268,11.4,0.003,1.9719984719,0.531472802566038,4.30188679245283,0.00113207547169811,0.744150366754717,508.7444250871,0.495426550522911
"12",112,11,505.9780487805,1180,16.1,251.9195799379,1.2859339024,7.42,0.001,1.5653937071,0.485258076377359,2.8,0.000377358490566038,0.59071460645283,509.930487804871,0.501803330485175
"13",113,12,508.1073170732,1040,66.4,223.2557999137,1.3276190244,5.9,0.023,1.5169676567,0.50098831109434,2.22641509433962,0.00867924528301887,0.572440625169811,506.758188153314,0.486758177633423
"14",114,13,519,963,80,236.6454098435,1.2943510976,5.16,0.014,1.4141083277,0.48843437645283,1.94716981132075,0.00528301886792453,0.533625784037736,502.121254355414,0.482351202420485
"15",115,14,505.756097561,1060,80,244.0751708478,1.2829297561,5.32,0.014,1.4313872981,0.484124436264151,2.00754716981132,0.00528301886792453,0.540146150226415,498.509756097586,0.465642665180593
"16",116,15,493.4341463415,1010,80,233.4332619934,1.0959794878,5.1,0.014,1.2177635147,0.413577165207547,1.92452830188679,0.00528301886792453,0.459533401773585,498.608710801414,0.466211536393531
"17",117,16,477.6829268293,1000,87,224.3783009812,1.2523986098,7.89,0.030363,1.7408021342,0.472603248981132,2.97735849056604,0.0114577358490566,0.656906465735849,498.204181184686,0.466150262312668
"18",118,17,479.6097560976,910,85,226.6282063258,1.098459561,4.94,0.023205,1.2149813361,0.414513041886792,1.86415094339623,0.0087566037735849,0.458483523056604,496.250174216043,0.465019447757412
"19",119,18,506.6707317073,1150,92.5,261.1431027654,1.2964864634,7.45,0.03515,1.6937707924,0.489240174867925,2.81132075471698,0.0132641509433962,0.639158789584906,496.6236933798,0.470527147450135
"20",120,19,505.2756097561,1220,95.3,253.9088407091,1.3264823902,9.6,0.032,1.9220722231,0.500559392528302,3.62264150943396,0.0120754716981132,0.725310272867924,495.5236933798,0.486050969681941
"21",121,20,505.3219512195,1220,84.2,262.1573187155,1.2733744876,8.16,0.0322,1.8525407983,0.480518674566038,3.07924528301887,0.0121509433962264,0.699071999358491,497.060975609757,0.478823147708895
"22",122,21,508.3707317073,1100,72.5,254.7239341365,1.3850975854,11.8,0.024,2.1889724004,0.522678334113208,4.45283018867925,0.00905660377358491,0.82602732090566,500.662020905914,0.484422370636119
"23",123,22,485.7341463415,1000,62.1,235.3303694912,1.3839463902,20.5,0.032,3.199479485,0.522243920830189,7.73584905660377,0.0120754716981132,1.2073507490566,500.638675958186,0.494927787768194
"24",124,23,488.443902439,1070,55.7,238.9890405947,1.1183225122,9.86,0.03,1.6733476761,0.422008495169811,3.72075471698113,0.0113207547169811,0.631451953245283,497.795818815329,0.487204119374663
"25",125,24,504.8170731707,1190,50.5,259.2357941165,1.2023251463,5.85,0.033,1.4642744928,0.453707602377358,2.20754716981132,0.0124528301886792,0.552556412377359,495.800348432057,0.48370545
"26",126,25,506.5073170732,1190,45.5,267.4685396362,1.4913619512,13.3,0.03,2.6007128268,0.562778094792453,5.0188679245283,0.0113207547169811,0.981401066716981,495.410104529614,0.47664220103504
"27",127,26,485.3756097561,1200,43.2,235.6456500559,1.1832083415,11.8,0.025,1.9803981665,0.446493713773585,4.45283018867925,0.00943396226415094,0.747320062830189,498.501045296157,0.476381567283019
"28",128,27,491.3536585366,1240,44,240.9085470646,1.2084741707,5.61,0.018,1.5681319597,0.456027988943396,2.11698113207547,0.00679245283018868,0.591747909320755,507.006271777,0.493436678716981
"29",129,28,505.6390243902,1030,43.2,242.3992830827,1.2540743171,6.71,0.015,1.6347912426,0.473235591358491,2.53207547169811,0.00566037735849057,0.616902355698113,507.293031358886,0.508799835644205
"30",130,29,507.3707317073,1045,40.2,255.9008892559,1.3791116341,13.9,0.009,2.403582497,0.520419484566038,5.24528301886792,0.00339622641509434,0.907012263018868,506.182229965157,0.518094369865229
"31",131,30,547.9804878049,2260,38,386.3534335421,1.4346948293,13.3,0.008,2.4054559451,0.541394275207547,5.0188679245283,0.0030188679245283,0.907719224566038,507.926829268286,0.533739571363881
"32",201,31,506.8243902439,1220,38.8,275.7741365506,1.4873117073,10.5,0.014,2.2713905253,0.561249700867924,3.9622641509434,0.00528301886792453,0.857128500113208,510.165505226471,0.563454674911051
"33",202,32,498.7317073171,1110,44,261.6918057936,1.663775561,20,0.011,3.3175332039,0.627839834339623,7.54716981132075,0.00415094339622642,1.25189932222642,505.692682926829,0.572235294199461
"34",203,33,497.587804878,1150,52.8,277.5499938706,1.4734268293,13.6,0.012,2.6723295595,0.556010124264151,5.13207547169811,0.00452830188679245,1.00842624886792,500.377351916371,0.558294518447439
"35",204,34,507.0243902439,2340,46.8,380.5314131451,1.7596893415,20.9898,0.014,3.7400136462,0.664033713773585,7.92067924528302,0.00528301886792453,1.41132590422642,489.959581881529,0.543834885283019
"36",205,35,474.3292682927,1170,35.5,260.0874759037,1.4169548049,14,0.01,2.6559073405,0.534699926377359,5.28301886792453,0.00377358490566038,1.00222918509434,484.2400696864,0.522413058975741
"37",206,36,470.1634146341,949,27.7,243.4472835709,1.1205102439,7.58251,0.006,1.6325497758,0.422834054301887,2.86132452830189,0.00226415094339623,0.616056519169811,478.4526132404,0.492997440016172
"38",207,37,475.056097561,1330,24.3,272.01807665,1.1664686341,7.0357,0.007,1.5967115412,0.440176843056604,2.65498113207547,0.00264150943396226,0.602532657056604,473.000348432043,0.477437881800539
"39",208,38,466.787804878,1110,22.3,258.5053308881,1.0899368293,6.33,0.006,1.5402739514,0.411296916716981,2.38867924528302,0.00226415094339623,0.581235453358491,467.018815331,0.444923839331536
"40",209,39,458.2195121951,1040,21,237.1225961602,1.1181158293,7.53,0.005,1.6003592191,0.421930501622642,2.84150943396226,0.00188679245283019,0.603909139283019,466.454355400686,0.435464136485175
"41",210,40,459.4219512195,971,20.3,234.0549289293,1.1847970244,6.96,0.005,1.6155190865,0.447093216754717,2.62641509433962,0.00188679245283019,0.609629843962264,468.432404181186,0.456199717315364
"42",211,41,465.1536585366,938,18.3,237.1789894758,1.1565538537,7.62,0.005,1.4256783295,0.436435416490566,2.87547169811321,0.00188679245283019,0.53799182245283,469.583972125429,0.46336421406469
"43",212,42,470.3780487805,907,16.5,243.405597216,1.2414773171,8.53,0.004,1.8062237196,0.46848200645283,3.2188679245283,0.00150943396226415,0.68159385645283,470.664808362371,0.477787585309973
"44",213,43,484.0097560976,1130,15.4,264.4307544565,1.5051552683,14.9,0.003,2.6698441467,0.567983120113208,5.62264150943396,0.00113207547169811,1.00748835724528,470.713937282229,0.504503983967655
"45",214,44,483.1170731707,1090,13.3,264.1438896723,1.2993700488,9.35,0.003,1.8367865744,0.490328320301887,3.52830188679245,0.00113207547169811,0.693127009207547,468.350174216029,0.526186781940701
"46",215,45,474.3536585366,1170,12.5,266.4813840567,1.3574903659,7.66,0.002,1.7192952096,0.512260515433962,2.89056603773585,0.000754716981132075,0.648790645132076,465.1,0.55125602393531
"47",216,46,458.5634146341,1188,12.8,262.4213746592,1.6137050244,14.7,0.003,2.9155183619,0.608945292226415,5.54716981132075,0.00113207547169811,1.10019560826415,464.137282229957,0.585293767671159
"48",217,47,442.8756097561,1100,12.5,264.9067182807,1.5870129268,19.4,0.003,3.2177220208,0.598872802566038,7.32075471698113,0.00113207547169811,1.21423472483019,459.717421602771,0.587488171719676
"49",218,48,442.4024390244,1080,11,264.9260089986,1.6215882927,16.1,0.003,3.0416912681,0.61192011045283,6.07547169811321,0.00113207547169811,1.14780802569811,456.074216027857,0.618504478339623
"50",219,49,463.6390243902,1190,9.4,299.4843008223,1.8728774634,14.9,0.003,3.285841411,0.706746212603774,5.62264150943396,0.00113207547169811,1.23994015509434,452.745644599286,0.642825620932615
"51",220,50,453.0707317073,1200,7.2,283.7998804122,1.5458614634,9.47,0.002,2.133338904,0.58334394845283,3.57358490566038,0.000754716981132075,0.805033548679245,450.736585365843,0.663898528695418
"52",221,51,457.6146341463,1070,6.1,286.2257994669,1.8747225366,18.1,0.003,3.6451857561,0.707442466641509,6.83018867924528,0.00113207547169811,1.37554179475472,452.012543554,0.705010831633423
"53",222,52,451.0536585366,1200,7.8,312.3422610675,1.808647561,16,0.004,3.2813403802,0.682508513584906,6.0377358490566,0.00150943396226415,1.23824165290566,455.061672473857,0.745497223061995
"54",223,53,444.5,1290,25,318.3665528915,2.0046074634,21.3,0.005,4.1863023299,0.756455646566038,8.0377358490566,0.00188679245283019,1.57973672826415,459.893031358886,0.777724872792453
"55",224,54,451.8073170732,1520,23.4,336.2695900541,2.3496461463,25.8,0.003,4.8719851496,0.886658923132076,9.73584905660377,0.00113207547169811,1.83848496211321,466.506620209057,0.818593007698113
"56",225,55,463.7463414634,1360,23.7,332.2697090449,2.3726108537,21.1,0.003,4.0665878283,0.89532485045283,7.9622641509434,0.00113207547169811,1.53456144464151,476.524738675957,0.88097295115903
"57",226,56,497.4585365854,1320,18.5,364.5874545124,2.4707003659,16.1,0.003,4.1535978486,0.932339760716981,6.07547169811321,0.00113207547169811,1.56739541456604,499.8337979094,1.03743689172507
"58",227,57,499.3658536585,2070,14.5,413.2753498636,2.3039653659,25.5,0.002,4.6270845773,0.869420892792453,9.62264150943396,0.000754716981132075,1.74606965181132,520.948432055743,1.15423374137466
"59",228,58,527.7414634146,2180,11,425.3200183248,3.0318704878,43.2,0.001,7.0196466837,1.14410207086792,16.3018867924528,0.000377358490566038,2.64892327686792,542.008536585357,1.25326190257682
"60",301,59,614.2170731707,2620,4.8,539.3100805207,4.7110536585,42.44401,0,8.6215037389,1.77775609754717,16.0166075471698,0,3.25339763732075,561.858013937271,1.38133216751482
"61",302,60,592.3024390244,2040,2.6,445.7295791665,4.1711890244,22,0,5.8757426079,1.57403359411321,8.30188679245283,0,2.2172613614717,577.935365853643,1.51730942739084
"62",303,61,599.2280487805,2080,0.95,446.333810904,4.1866185366,32.9,0,6.8205157139,1.57985605154717,12.4150943396226,0,2.57377951467925,600.658013937271,1.67656249424798
"63",304,62,602.6926829268,2180,0,455.7706942039,4.7483142683,39.5,0,8.0643949767,1.79181670501887,14.9056603773585,0,3.04316791573585,618.671602787457,1.81379514167655
"64",305,63,610,2260,0,469.0709098846,4.9930785366,47.2,0,9.1717761539,1.88418057984906,17.811320754717,0,3.46104760524528,623.9287456446,1.87816816120216
"65",306,64,658.4243902439,2320,0,510.5408160865,5.2581097561,37.1,0,7.9027865169,1.98419236079245,14,0,2.98218359128302,637.3012195122,1.98485688646361
"66",307,65,653.8365853659,2280,0,524.6822322874,5.5775360976,46.4,0,9.9833460536,2.10473060286792,17.5094339622642,0,3.76730039758491,650.9456445993,2.08108353822642
"67",308,66,651.0170731707,2110,0,520.1028436292,5.9051731707,52.6,0,10.3021212338,2.22836723422642,19.8490566037736,0,3.88759291841509,669.9031358885,2.2116286897628
"68",309,67,685.9097560976,2120,0,519.8349963233,6.150264878,35.7,0,8.7808126386,2.3208546709434,13.4716981132075,0,3.31351420324528,685.822299651571,2.33962465320755
"69",310,68,694.7390243902,2120,0,509.4342886369,5.9716229268,28.8,0,8.2247569411,2.25344261388679,10.8679245283019,0,3.10368186456604,692.627526132414,2.45324150942857
"70",311,69,735.3951219512,2120,0,564.7998454989,7.1699268293,48.3,0,11.4271942803,2.70563276577358,18.2264150943396,0,4.31214878501887,702.355052264814,2.55534614423181
"71",312,70,721.4341463415,2440,0,578.5177476144,7.3674036585,63.9,0,12.3889642392,2.78015232396226,24.1132075471698,0,4.67508084498113,717.702090592343,2.68980633751482
"72",313,71,706.0609756098,2540,0,550.8827633345,7.365702439,66,0,11.6745861801,2.77951035433962,24.9056603773585,0,4.40550421890566,726.251916376314,2.75704299519677
"73",314,72,721.9292682927,2480,0,542.4970351273,7.4715770732,66.2,0,12.2112943434,2.81946304649057,24.9811320754717,0,4.60803560128302,734.322648083643,2.83808249293261
"74",315,73,758.4463414634,2580,0,563.7332432532,8.3994097561,70.2,0,13.6694711346,3.16958858720755,26.4905660377358,0,5.15829099418868,737.6717770035,2.880467346
"75",316,74,745.7585365854,2220,0,500.3734809997,7.397504878,50,0,9.8073147922,2.79151127471698,18.8679245283019,0,3.70087350649057,741.5386759582,2.89742686214016
"76",317,75,751.2341463415,2260,0,508.020456089,7.4749056098,37.3,0,8.9021048676,2.82071909803774,14.0754716981132,0,3.35928485569811,748.262020905928,2.86562801919677
"77",318,76,758.8390243902,2340,0,552.8354894894,7.9561658537,42.7,0,10.9416550931,3.00232673724528,16.1132075471698,0,4.12892645022642,750.444599303143,2.84254344881941
"78",319,77,748.5024390244,2340,0,546.4359090908,7.6820026829,39.6,0,10.4825045183,2.8988689369434,14.9433962264151,0,3.95566208237736,749.049825783986,2.7939815528248
"79",320,78,753.1243902439,2380,0,551.8634336412,6.7758339024,46.9,0,9.6822477739,2.55691845373585,17.6981132075472,0,3.65367840524528,749.5299651568,2.79152254290027
"80",321,79,737.2073170732,2410,0,562.3726248628,7.0433582927,48.2,0,9.5994287759,2.65787105384906,18.188679245283,0,3.62242595316981,753.045296167243,2.79320629807547
"81",322,80,748.6829268293,2860,0,594.2926231674,7.4985865854,43.6,0,10.9875282669,2.82965531524528,16.4528301886792,0,4.14623708184906,754.604878048786,2.7914527250027
"82",323,81,749.1195121951,2920,0,600.8161187999,7.3518902439,51.8,0,10.9034305287,2.77429820524528,19.5471698113208,0,4.11450208630189,753.339721254357,2.76646395371968
"83",324,82,775.8414634146,2720,0,612.0742409935,7.5061392683,46,0,10.315861095,2.83250538426415,17.3584905660377,0,3.89277777169811,754.056445993029,2.79025805009704
"84",325,83,769.756097561,2400,0,596.6382861704,7.9236370732,46.1,0,10.315375358,2.99005172573585,17.3962264150943,0,3.89259447471698,753.917073170729,2.77401121556873
"85",326,84,739.6463414634,2570,0,570.1263553361,7.2184609756,50.9,0,9.5913317313,2.72394753796226,19.2075471698113,0,3.61937046464151,754.118118466886,2.87126021957951
"86",327,85,758.1414634146,3040,0,585.797804697,7.2172143902,41.6,0,9.1065712817,2.72347712837736,15.6981132075472,0,3.43644199309434,762.372473867586,3.01130623890566
"87",328,86,736.2317073171,2580,0,523.6513288625,6.7419795122,43.9,0,8.4658328201,2.54414321215094,16.5660377358491,0,3.19465389437736,768.908362369329,3.23297751626954
"88",329,87,750.0902439024,2280,0,542.1235983634,9.3025556098,117.92,0,18.9367156487,3.51039834332075,44.4981132075472,0,7.1459304334717,779.433101045286,3.45633947800539
"89",330,88,806.9,2820,0,604.6357051978,9.9497439024,65.7,0,14.9646481381,3.7546203405283,24.7924528301887,0,5.64703703324528,788.886411149814,3.67091419367116
"90",331,89,821.5926829268,3800,0,706.7931947855,11.6181414634,119,0,21.0755655357,4.38420432581132,44.9056603773585,0,7.95304359837736,794.025435540057,3.76060094667924
"91",401,90,843.4292682927,3650,0,731.6216967272,12.0670014634,147,0,25.4592056436,4.55358545788679,55.4716981132075,0,9.60724741267925,807.282996515657,3.96891471960647
"92",402,91,805.8195121951,3030,0,649.7241388541,11.1988219512,106,0,19.7023976366,4.22597054762264,40,0,7.43486703267925,827.602857142843,4.28280771809164
"93",403,92,794.1146341463,2730,0,627.6908895153,8.8809036585,38.3,0,10.2963169224,3.35128439943396,14.4528301886792,0,3.88540261222642,846.892752613228,4.79363501412938
"94",404,93,829.0346341463,3070,0,726.4295848742,10.6062,61.7,0,14.4687062238,4.00233962264151,23.2830188679245,0,5.4598891410566,861.335958188143,5.06071548221024
"95",405,94,892.3292682927,3490,0,820.1280854976,15.1252707317,90.2,0,22.389540218,5.70764933271698,34.0377358490566,0,8.44888310113208,870.997944250857,5.17991066990296
"96",406,95,941.9292682927,3170,0,888.4317295786,19.4255902439,166.108,0,36.5868444329,7.33041141279245,62.6822641509434,0,13.8063563897736,880.802125435529,5.28259370191914
"97",407,96,922.6951219512,3050,0,818.8514889622,16.5724841463,120,0,27.7014266202,6.25376760237736,45.2830188679245,0,10.4533685359245,882.310139372814,5.36980611398922
"98",408,97,911.0631707317,2980,0,743.9216907123,14.2780721951,85.2,0,18.7375550444,5.38795177173585,32.1509433962264,0,7.07077548845283,866.832020905914,5.21718426138005
"99",409,98,874.4487804878,2750,0,691.0502243404,13.1035921951,71.5,0,17.627412898,4.94475177173585,26.9811320754717,0,6.65185392377358,841.472090592329,4.81030884227493
"100",410,99,804.6707317073,2207,0,621.6067672749,10.4986939024,58.8,0,13.1597677739,3.96177128392453,22.188679245283,0,4.96595010335849,806.6344599303,4.18478230226954
"101",411,100,720.687804878,1780,0,545.9449286307,7.7750646341,31.15,0,8.5496089844,2.93398665437736,11.7547169811321,0,3.22626754128302,770.070348432043,3.63319577935849
"102",412,101,714.8097560976,1700,0,548.7969591775,7.5777317073,42.7,0,9.1437218923,2.85952139898113,16.1132075471698,0,3.45046109143396,732.1400696864,3.18082491616712
"103",413,102,698.0658536585,2180,0,541.8360202173,7.8220729268,79.4,0,13.2014706809,2.95172563275472,29.9622641509434,0,4.98168704939623,704.604355400686,2.83289494443666
"104",414,103,666.7463414634,1610,0,491.2669264756,6.3405541463,42.8,0,8.327983792,2.392661942,16.1509433962264,0,3.14263539320755,684.592682926814,2.62190672538544
"105",415,104,645.5512195122,1540,0,488.42717273,5.8865926829,27,0,7.1736463862,2.22135572939623,10.188679245283,0,2.70703637215094,672.3068989547,2.54664391557951
"106",416,105,681.6987804878,1960,0,531.5481032428,6.6494912195,41,0,8.9087680213,2.50924196962264,15.4716981132075,0,3.36179925332076,660.566480836228,2.44654067450674
"107",417,106,664.5890243902,2285,0,529.2798602243,6.584862439,64.6,0,11.4086628621,2.48485375056604,24.377358490566,0,4.30515579701887,647.707247386757,2.28974828873315
"108",418,107,634.6873170732,1850,0,490.0122373932,6.3789395122,38.3,0,8.0777549875,2.40714698573585,14.4528301886792,0,3.04820942924528,639.693658536586,2.2119019932938
"109",419,108,632.6268292683,1820,0,469.2252806619,5.7208165854,26.5,0,6.5982938451,2.1587987114717,10,0,2.48992220569811,635.5887804878,2.14456046414016
"110",420,109,608.0512195122,1820,0,465.5231111996,4.9135741707,17.7,0,5.4246641897,1.85417893233962,6.67924528301887,0,2.04704309045283,626.9325087108,2.06543080797305
"111",421,110,610.6512195122,1820,0,467.2256987377,4.8965053659,25.8,0,6.039455983,1.84773787392453,9.73584905660377,0,2.27903999358491,620.818292682928,1.97067367169272
"112",422,111,616.8170731707,1950,0,473.5935349287,4.6374073171,21,0,5.5006101343,1.74996502532075,7.92452830188679,0,2.0757019374717,621.762613240414,1.90308455854987
"113",423,112,621.1048780488,2100,0,477.3817558837,5.1816360976,21.1,0,5.7145009513,1.95533437645283,7.9622641509434,0,2.15641545332075,621.511062717771,1.84709339425876
"114",424,113,621.7895121951,2030,0,483.0757398791,4.827117561,24.5,0,5.7341306738,1.82155379660377,9.24528301886792,0,2.16382289577359,629.783641114986,1.90155563737466
"115",425,114,641.2975609756,1890,0,494.0266569163,5.1251614634,19.2,0,5.676570738,1.93402319373585,7.24528301886792,0,2.14210216528302,643.4237108014,1.97940105187601
"116",426,115,630.8659756098,1820,0,496.6634533203,4.6821804878,20,0,5.3329048296,1.76686056143396,7.54716981132075,0,2.01241691683019,657.460993031371,2.12227278943396
"117",427,116,665.9592682927,2030,0,535.1020418312,5.9238487805,30.5,0,7.8206786455,2.23541463415094,11.5094339622642,0,2.95119948886792,670.885731707329,2.22873971468464
"118",428,117,706.1317073171,2360,0,576.3200176287,6.3405378049,34.1,0,8.0749454308,2.39265577543396,12.8679245283019,0,3.04714921916981,684.845418118486,2.3958623627655
"119",429,118,715.0780487805,2560,0,616.2411084601,7.2876780488,42.3,0,11.0136397317,2.75006718822642,15.9622641509434,0,4.15609046479245,695.018937282257,2.51527928473315
"120",430,119,715.0780487805,2600,0,636.3808955776,7.156597561,44.8,0,10.7780649602,2.70060285320755,16.9056603773585,0,4.06719432460377,707.532857142871,2.62709349812938
"121",501,120,719.5073170732,2490,0,629.6217945681,7.9272426829,48.9,0,12.23493987,2.99141233316981,18.4528301886792,0,4.61695844150943,715.379442508729,2.7055806455903
"122",502,121,712.512195122,2350,0,592.7960480617,7.3403453659,33.5,0,9.1152013624,2.76994164750943,12.6415094339623,0,3.43969862732076,717.522648083643,2.79267557688949
"123",503,122,718.4634146341,2510,0,578.4921070145,6.7563341463,27.6,0,7.5587325793,2.54956005520755,10.4150943396226,0,2.85235191671698,722.259059233471,2.87404176057143
"124",504,123,720.8853658537,2560,0,557.5246763871,7.3797853659,33.9,0,8.4462849559,2.78482466637736,12.7924528301887,0,3.18727734184906,727.190940766571,2.93477530865768
"125",505,124,721.1341463415,2480,0,553.8520870276,7.9561487805,37.6,0,9.5912993067,3.0023202945283,14.188679245283,0,3.6193582289434,731.892508710814,2.91691093419407
"126",506,125,748.2329268293,2330,0,561.9698703678,8.7970207561,60.7,0,12.2428355179,3.319630474,22.9056603773585,0,4.61993793128302,734.3224738676,2.96301551640431
"127",507,126,749.6012195122,2260,0,551.4096082414,8.283204878,52,0,10.3781466577,3.12573768981132,19.622641509434,0,3.91628175762264,739.1618466899,3.10147879955795
"128",508,127,752.4182926829,2490,0,579.8258371869,7.5958585366,43.3,0,8.9264006835,2.86636171192453,16.3396226415094,0,3.36845308811321,742.741637630657,3.22207271185445
"129",509,128,729.5219512195,2400,0,590.6560392954,8.1955853659,40.7,0,10.1887669678,3.09267372298113,15.3584905660377,0,3.84481772369811,742.8444599303,3.23317767536927
"130",510,129,752.3390243902,2570,0,656.2774321421,9.3248280488,72.5,0,14.133702289,3.51880303728302,27.3584905660377,0,5.33347256188679,732.053658536571,3.11095495365499
"131",511,130,745.943902439,2826,0,676.8235445996,9.616802439,86.3,0,16.2683701435,3.62898205245283,32.5660377358491,0,6.13900760132075,722.541226480829,3.05035100914286
"132",512,131,721.853902439,2466,0,640.1986340382,8.1621458537,45,0,11.0231703053,3.08005503913208,16.9811320754717,0,4.15968690766038,710.470076655043,2.99374588127224
"133",513,132,672.6973170732,2060,0,585.7115717229,6.5297892683,35.5,0,8.6807335648,2.464071422,13.3962264150943,0,3.27574851501887,701.4979163763,2.8587523108248
"134",514,133,683.014195122,2100,0,593.8635439253,7.1590017073,42,0,9.5029860269,2.70151007822641,15.8490566037736,0,3.58603246298113,690.215512195129,2.67668176976819
"135",515,134,667.9202439024,2080,0,549.697566806,6.5458334146,40.8,0,8.8335435185,2.47012581683019,15.3962264150943,0,3.33341264849057,680.200463414643,2.45977532049057
"136",516,135,666.7168292683,1880,0,530.4370663304,5.6914546341,29,0,7.2222329548,2.14771872984906,10.9433962264151,0,2.72537092633962,672.108651567957,2.37171315494879
"137",517,136,673.362195122,2040,0,537.2324868877,5.9474195122,33.3,0,7.6220765997,2.24430924988679,12.5660377358491,0,2.87625532064151,673.4989303136,2.42715853000539
"138",518,137,675.8385609756,2130,0,550.5586495764,5.5931878049,24.3,0,7.1737223497,2.11063690750943,9.16981132075472,0,2.70706503762264,674.610142857143,2.45160022352022
"139",519,138,665.2112195122,2030,0,556.7603558633,6.5285926829,29.2,0,8.4736523632,2.46361988033962,11.0188679245283,0,3.19760466535849,676.040003484329,2.46796473604852
"140",520,139,682.4292682927,2890,0,636.2892330709,7.5583009756,70.5,0,12.6846682289,2.85218904739623,26.6037735849057,0,4.78666725618868,674.198923344957,2.48464129906199
"141",521,140,690.7926829268,3180,0,666.8393844811,7.612395122,77.3,0,13.4564487857,2.87260193283019,29.1698113207547,0,5.07790520215094,670.613034843214,2.49532137269003
"142",522,141,677.9292682927,2620,0,624.9444244266,6.849395122,40.6,0,9.8570701013,2.5846774045283,15.3207547169811,0,3.71964909483019,663.547874564471,2.54070694891644
"143",523,142,653.8292682927,2470,0,594.5133527701,6.000804878,33.6,0,7.9642246467,2.2644546709434,12.6792452830189,0,3.00536779120755,657.123937282243,2.52905950956334
"144",524,143,648.2609756098,2450,0,600.4620541208,6.145534878,41.4,0,9.2917536133,2.31906976528302,15.622641509434,0,3.50632211822641,650.301637630671,2.52346061402695
"145",525,144,626.3824390244,2470,0,619.7310418592,6.4350902439,72.1,0,12.5540003196,2.42833594109434,27.2075471698113,0,4.73735861116981,647.477944250886,2.59935628163342
"146",526,145,620.2436585366,2560,0,626.9831533612,6.3125326829,52.1,0,10.5056359648,2.38208780486792,19.6603773584906,0,3.96439093011321,648.387700348443,2.7958647820593
"147",527,146,634.6731707317,3260,0,704.0846639519,7.4544414634,71.7,0,13.9579076384,2.81299677864151,27.0566037735849,0,5.26713495788679,654.074459930329,3.06245815527763
"148",528,147,671.0268292683,4050,0,825.7399678544,9.0202597561,98.4,0,19.6031249763,3.40387160607547,37.1320754716981,0,7.39740565143396,662.626132404186,3.28490115047978
"149",529,148,684.2975609756,4070,0,923.1303606446,10.4946278049,137.973,0,26.3580622866,3.96023690750943,52.0652830188679,0,9.94643859871698,675.660696864114,3.51886321740701
"150",530,149,693.6365853659,4870,0,988.8980004925,10.9461119512,168.502,0,28.7264324614,4.1306082834717,63.5856603773585,0,10.8401631929811,690.742160278743,3.81210058510512
"151",531,150,708.1226829268,4960,0,1006.4368271755,10.271852439,135.408,0,23.6558452651,3.87617073169811,51.097358490566,0,8.92673406230189,702.334599303129,3.93934281769811
"152",601,151,717.6243902439,4550,0,994.4438830876,10.7750865854,113.75,0,22.7723204962,4.06607040958491,42.9245283018868,0,8.59332848913207,705.291986062714,3.90870923410782
"153",602,152,725.813902439,4230,0,978.7663147705,11.7520858537,126.84,0,25.61378925,4.43474937875472,47.8641509433962,0,9.6655808490566,705.603484320557,3.76180688580593
"154",603,153,715.8202439024,4150,0,958.7911873799,9.814784878,78.9,0,19.7136880226,3.70369240679245,29.7735849056604,0,7.43912755569811,703.406515679429,3.57049262901887
"155",604,154,691.7285365854,4090,0,921.8658196765,8.4520067805,88.818,0,18.0075348486,3.1894365209434,33.5162264150943,0,6.79529616928302,694.943414634143,3.37872693051213
"156",605,155,686.4780487805,4030,0,892.8254858908,7.7695892439,64.959,0,15.3489860799,2.93192046939623,24.5128301886792,0,5.79207021883019,685.500418118457,3.12503326145553
"157",606,156,678.257804878,3840,0,858.3928136917,7.3972324878,66.8,0,14.8198286674,2.79140848596226,25.2075471698113,0,5.59238817637736,672.9913240418,2.79517693379515
"158",607,157,648.8809756098,3560,0,805.2399989686,6.7145987317,68.1,0,13.7415405591,2.53381084215094,25.6981132075472,0,5.18548700343396,661.308919860614,2.55781368352021
"159",608,158,651.5234146341,3220,0,734.5675823762,6.0690690244,45.5,0,10.5664982339,2.29021472618868,17.1698113207547,0,3.98735782411321,647.711114982557,2.37989567944474
"160",609,159,638.2502439024,3100,0,695.4280793169,5.6332509756,44,0,9.768553104,2.12575508513208,16.6037735849057,0,3.68624645433962,636.515609756071,2.27749944119677
"161",610,160,634.0434146341,2980,0,678.894158745,5.4116965854,40.4,0,8.8090056714,2.04214965486792,15.2452830188679,0,3.32415308354717,631.461010452943,2.2291871777035
"162",611,161,596.543902439,3000,0,640.9584152068,5.1516278049,32.7,0,7.7975726835,1.94401049241509,12.3396226415094,0,2.94248025792453,633.630627177671,2.2576576293531
"163",612,162,608.1095121951,3030,0,636.8434311585,5.8701390244,40,0,8.737330044,2.21514680166038,15.0943396226415,0,3.29710567698113,634.190696864086,2.31934129249057
"164",613,163,642.8756097561,2980,0,664.1816460053,6.50104,36.4,0,9.4002291594,2.45322264150943,13.7358490566038,0,3.54725628656604,633.555993031343,2.39679893498652
"165",614,164,664.0682926829,2860,0,671.3148640687,7.2427256098,34.9,0,10.2632316152,2.73310400369811,13.1698113207547,0,3.87291759064151,632.410313588843,2.53183784235579
"166",615,165,655.443902439,2590,0,642.0340209244,7.2133009756,31.1,0,9.9082990364,2.72200036815094,11.7358490566038,0,3.73898076845283,629.315888501743,2.59184929459299
"167",616,166,633.8073170732,2590,0,654.4241752832,7.0700902439,53.816,0,11.0279259754,2.66795858260377,20.3079245283019,0,4.16148150015094,623.887003484329,2.57321175596765
"168",617,167,626.0236585366,2960,0,688.4837955601,7.9166683171,110.408,0,18.2274174025,2.98742200645283,41.6633962264151,0,6.87827071792453,612.847979094086,2.53894597462534
"169",618,168,574.8829268293,2550,0,603.4647901504,6.2648402439,58.422,0,11.2200316304,2.36409065807547,22.0460377358491,0,4.23397420015094,598.780487804886,2.48304339096496
"170",619,169,570.1073170732,2300,0,568.8963554068,5.5244126829,34.946,0,8.1729540857,2.08468403128302,13.1871698113208,0,3.08413361724528,585.525052264814,2.41847256721833
"171",620,170,565.6024390244,2050,0,558.8844122392,5.8654097561,25.857,0,7.4802239208,2.21336217211321,9.75735849056604,0,2.82272600784906,572.811909407671,2.33303362171968
"172",621,171,565.5958536585,1750,0,549.3237753865,6.2057326829,32,0,7.975658643,2.34178591807547,12.0754716981132,0,3.00968250679245,561.887205574914,2.19046179738005
"173",622,172,562.6558536585,1850,0,556.9480645939,6.0155121951,28.3,0,7.9770693683,2.27000460192453,10.6792452830189,0,3.01021485596226,560.979156794428,2.1592267043558
"174",623,173,544.8153170732,2130,0,554.8460953806,5.4851978049,31.52,0,8.2333348385,2.06988596411321,11.8943396226415,0,3.10691880698113,562.7383902439,2.20276352639353
"175",624,174,549.5507317073,2270,0,562.1348845223,5.2719609756,35.53,0,8.3662073906,1.98941923607547,13.4075471698113,0,3.15705939267925,568.787181184671,2.2592425087062
"176",625,175,568.5265853659,2280,0,568.0244228271,5.6854292683,44.88,0,9.6481543372,2.14544500690566,16.9358490566038,0,3.64081295743396,582.506240418129,2.49144829399461
"177",626,176,582.4219512195,2310,0,580.7142355807,6.3320207317,43.78,0,10.6211604963,2.38944178554717,16.5207547169811,0,4.0079850929434,599.241466898971,2.91500784563342
"178",627,177,607.9439756098,2680,0,613.5651142972,6.913094878,75.308,0,13.3107453199,2.60871504830189,28.4181132075472,0,5.02292276222642,626.292240418129,3.35757265399461
"179",628,178,661.6292682927,4420,0,802.7250196188,10.51315,207.298,0,32.5329573843,3.96722641509434,78.2256603773585,0,12.2765876921887,658.139662020914,3.79837928603774
"180",629,179,679.8024390244,5180,0,889.1794955148,13.872541878,320.124,0,49.8164234713,5.23492146339623,120.801509433962,0,18.7986503665283,683.321961672471,4.13394209584367
"181",630,180,734.1707317073,5850,0,978.3068476311,13.694775,272.025,0,42.7932876847,5.16783962264151,102.650943396226,0,16.1484104470566,709.147188153314,4.44039397409164
"182",701,181,772.4826829268,5980,0,1023.4379683719,13.448924,226.642,0,36.6163701207,5.07506566037736,85.5252830188679,0,13.8174981587547,745.0100348432,4.87938237459299
"183",702,182,744.8026829268,5280,0,931.9604768954,11.9101193902,173.184,0,28.4627954646,4.49438467554717,65.3524528301887,0,10.7406775338113,779.812020905914,5.19950781145013
"184",703,183,763.1985365854,4540,0,840.0777878196,12.0167030732,144.826,0,24.8553027484,4.53460493328302,54.651320754717,0,9.37935952769811,818.485017421586,5.36888174216172
"185",704,184,858.983902439,4340,0,881.110677568,15.0563297073,132.804,0,27.4182349676,5.68163385181132,50.1147169811321,0,10.3465037613585,862.422439024371,5.80805250673854
"186",705,185,905.2431707317,4560,0,888.573733329,16.4514768537,147.288,0,28.8859445442,6.20810447309434,55.5803773584906,0,10.9003564317736,918.432369337971,6.75686812175202
"187",706,186,950.5134146341,4430,0,845.8150299433,17.0144282927,124.926,0,25.0581559995,6.42053897837736,47.1418867924528,0,9.45590792433962,989.146271777,8.00418599040431
"188",707,187,1041.7326829268,3970,0,856.7523141463,21.8413926829,112.351,0,26.4705366639,8.24203497467925,42.3966037735849,0,9.98888175996226,1090.24717770034,9.89445010715903
"189",708,188,1164.552195122,4270,0,1048.3285535545,31.0494536585,248.13,0,49.2565005498,11.7167749654717,93.6339622641509,0,18.5873586980377,1194.6362369338,12.0163652107008
"190",709,189,1239.8,4780,0,1068.772014744,35.0478658537,211.754,0,50.7069409217,13.2256097561132,79.9071698113208,0,19.134694687434,1297.40986062719,14.4416104266631
"191",710,190,1470.9048780488,5220,0,1267.8761477272,47.081102439,254.978,0,64.0869817061,17.766453750566,96.2181132075472,0,24.1837666815472,1392.89400696866,17.1475567023827
"192",711,191,1589.7073170732,4850,0,1357.0022889425,54.417854878,350,0,73.6856904347,20.5350395766038,132.075471698113,0,27.8059209187547,1473.73707317076,19.2257473538868
"193",712,192,1624.6585365854,4710,0,1280.116471454,61.4397756098,551,0,96.9875643985,23.1848209848302,207.924528301887,0,36.5990809050943,1541.55714285716,20.4240675169272
"194",713,193,1618.9024390244,5010,0,1177.1136054961,67.2097317073,897,0,143.4804764785,25.3621629084151,338.490566037736,0,54.1435760296226,1604.31045296169,21.1812084018113
"195",714,194,1607.6341463415,4370,0,1058.1437462863,60.3918292683,791,0,125.5149345807,22.7893695352075,298.490566037736,0,47.3641262568679,1637.09407665506,21.2663228584582
"196",715,195,1639.2926829268,3960,0,954.2463320313,53.2782926829,558,0,89.4251350455,20.1050161067547,210.566037735849,0,33.745333979434,1671.48083623693,21.6423546249434
"197",716,196,1679.0731707317,3420,0,894.452692719,49.0928292683,296,0,53.3618110487,18.5255959503019,111.698113207547,0,20.1365324712075,1709.75261324041,22.0148540003935
"198",717,197,1700.3902439024,3460,0,928.1377289511,48.6599756098,159,0,40.680192023,18.3622549470943,60,0,15.3510158577358,1763.66202090591,22.4970221681671
"199",718,198,1830.4146341463,4160,0,1189.1057559278,61.3932441463,343,0,67.1510142251,23.167261942,129.433962264151,0,25.3400053679623,1825.4006968641,23.4921876405229
"200",719,199,1892.5609756098,5120,0,1297.4478997012,68.3496390244,374.784,0,79.3553421916,25.7923166129811,141.427924528302,0,29.9454121477736,1883.25435540069,24.4234150417466
"201",720,200,1996.2682926829,6250,0,1508.5884631733,76.1539512195,508.75,0,104.8019649391,28.7373400828302,191.981132075472,0,39.5479112977736,1943.25087108013,25.6590255867439
"202",721,201,2039.8048780488,7070,0,1657.6303752573,78.8521487805,567.721,0,114.830614496,29.7555278416981,214.234339622641,0,43.3323073569811,2002.11149825783,26.8960604956873
"203",722,202,2044.2682926829,7570,0,1734.7447942621,70.5525609756,449.658,0,96.6226149641,26.6236079153208,169.682264150943,0,36.4613641373962,2063.99303135889,27.770532114911
"204",723,203,2099.0487804878,8400,236,1788.9971625358,72.013404878,369.6,1.46,84.4751362463,27.174869765283,139.471698113208,0.550943396226415,31.8774099042641,2136.02090592334,29.0998885017358
"205",724,204,2112.4146341463,9070,266,1869.1960033074,71.6069731707,301.124,2.33,80.4802248991,27.0214993096981,113.631698113208,0.879245283018868,30.3698961883396,2198.14634146341,30.2701973571698
"206",725,205,2263.5853658537,10300,270,2027.4710969039,77.6146926829,320.32,2.05,82.4345258413,29.288563276566,120.875471698113,0.773584905660377,31.107368242,2243.21951219511,30.9977081059677
"207",726,206,2396.756097561,9940,251,1986.6540310342,93.0092,367,0.748,91.7678905617,35.0978113207547,138.490566037736,0.282264150943396,34.6293926647925,2284.33797909407,32.024943659186
"208",727,207,2431.1463414634,8470,193,1828.0860696501,97.8631804878,430,0.674,102.0619610635,36.9295020708679,162.264150943396,0.254339622641509,38.5139475711321,2312.70034843206,32.8476737887008
"209",728,208,2355.3170731707,8430,221,1727.8609382561,92.3474731707,449,1.02,94.5714305355,34.848103083283,169.433962264151,0.384905660377359,35.6873322775472,2347.17770034844,33.8597204654501
"210",729,209,2332.0975609756,8240,173,1676.5252727722,89.6077804878,329,1.05,85.7183792035,33.8142567878491,124.150943396226,0.39622641509434,32.34655819,2364.39895470384,34.6085214647278
"211",730,210,2297.5853658537,8080,135,1674.0763121138,87.2750487805,465,0.787,91.1787750184,32.9339806718868,175.471698113208,0.296981132075472,34.4070849126038,2368.7118466899,34.8021284596658
"212",731,211,2353.756097561,8340,109,1675.0321904442,90.3804390244,449,0.527,91.3589059772,34.1058260469434,169.433962264151,0.198867924528302,34.4750588593208,2391.77142857144,35.8013955689973
"213",801,212,2384.1341463415,8510,53.5,1508.1893739862,91.5049512195,282,0.222,75.4399189236,34.5301702715094,106.415094339623,0.0837735849056604,28.467893933434,2433.09651567946,37.7226783249003
"214",802,213,2426.9463414634,8000,24.8,1423.699957171,96.6006097561,375,0.068,84.4384171378,36.4530602853208,141.509433962264,0.0256603773584906,31.8635536369057,2474.4930313589,39.638082440345
"215",803,214,2592.5634146342,7740,16.1,1535.8886092025,116.3995853659,751,0.013,130.0542847718,43.9243718361887,283.396226415094,0.00490566037735849,49.0770885931321,2525.08954703834,41.7160326079838
"216",804,215,2644.5926829268,7150,12.3,1633.6899988049,127.9872682927,940,0.005,161.9808903513,48.2970823746038,354.716981132075,0.00188679245283019,61.1248642835094,2574.33101045297,43.296246926566
"217",805,216,2621.8731707317,6670,14.8,1658.1015287105,125.1385268293,695,0.002,132.6159149677,47.2220855959623,262.264150943396,0.000754716981132075,50.0437414972453,2618.76655052266,44.3997838406415
"218",806,217,2651.7609756098,6310,19.2,1727.0391461803,125.8210243902,620,0.003,126.5642787151,47.4796318453585,233.962264150943,0.00113207547169811,47.7601051755094,2665.52961672476,44.9529637762156
"219",807,218,2698.4463414634,6420,22.3,1799.7544716013,119.6934146341,568.32,0.007,122.4542605016,45.1673262770189,214.460377358491,0.00264150943396226,46.2091549062642,2685.53623693381,44.9165624876712
"220",808,219,2695.1829268293,6690,46.5,1861.1053360708,111.9755609756,538.2,0.025,113.3047754481,42.2549286700377,203.094339622642,0.00943396226415094,42.7565190370189,2688.43066202093,44.5746296758868
"221",809,220,2754.2878048781,6770,85.8,1788.1847908137,106.862097561,304.475,0.043,85.3017552571,40.3253198343396,114.896226415094,0.0162264150943396,32.1893416064528,2682.6891986063,44.1792952468518
"222",810,221,2732.6097560976,6720,319,1793.6006227426,115.7243414634,400.57,0.879,104.8884620834,43.6695628163774,151.158490566038,0.331698113207547,39.5805517295849,2657.51080139376,43.194476365779
"223",811,222,2664.8536585366,6240,257,1754.4922992276,121.6444146341,601.37,3.37,135.6780422915,45.9035526921132,226.932075471698,1.27169811320755,51.1992612420755,2626.27282229969,42.5939267635202
"224",812,223,2581.6829268293,6480,236,1625.7579223092,117.8050731707,682,2.8,125.5924235902,44.454744592717,257.358490566038,1.05660377358491,47.3933673925283,2601.23867595821,42.9100019722534
"225",813,224,2475.512195122,6540,178,1555.1025548489,107.5526341463,428,2.04,94.8867481055,40.5858996778491,161.509433962264,0.769811320754717,35.8063200398113,2567.57351916379,43.3217108671321
"226",814,225,2479.7804878049,6760,105,1634.660645397,108.5532195122,398,1.01,99.4183516609,40.9634790612075,150.188679245283,0.381132075471698,37.5163591173208,2546.64076655054,43.4148868581941
"227",815,226,2519.943902439,6920,75.7,1753.8095275783,117.8387560976,521,0.441,119.502309822,44.4674551311698,196.603773584906,0.166415094339623,45.0952112535849,2547.75505226483,43.1412061008517
"228",816,227,2518.6317073171,6990,79.9,1805.4858989257,114.499297561,515,0.178,126.26428399,43.2072820984906,194.339622641509,0.0671698113207547,47.6468996188679,2568.58257839723,42.7761452896011
"229",817,228,2586.0804878049,7090,46.3,1863.0263741047,117.4527560976,564,0.03,138.4234717121,44.3217947538113,212.830188679245,0.0113207547169811,52.2352723441887,2607.75923344949,42.9169604891321
"230",818,229,2672.6536585366,7480,28.8,1886.0546301867,116.5676365854,489,0.008,126.0312185467,43.987787390717,184.528301886792,0.0030188679245283,47.5589503949811,2635.8724738676,42.8875265268679
"231",819,230,2727.4756097561,7580,31.8,1861.622911975,111.033195122,413,0.013,108.8122540395,41.8993189139623,155.849056603774,0.00490566037735849,41.061227939434,2645.65888501743,42.5122481099299
"232",820,231,2749.7487804878,6720,20.7,1828.9786555783,110.1647560976,367,0.003,98.16377092,41.571606074566,138.490566037736,0.00113207547169811,37.0429324226415,2659.06480836237,42.8488568798976
"233",821,232,2676.5731707317,6560,12.5,1683.0239880977,108.0072195122,350,0.001,91.1948673176,40.7574413253585,132.075471698113,0.000377358490566038,34.4131574783396,2671.24146341463,43.6017922556119
"234",822,233,2588.4487804878,6340,7,1589.5919940541,110.8773414634,423,0.002,102.2787645647,41.8405062126038,159.622641509434,0.000754716981132075,38.5957602130943,2672.67073170731,44.6204549339353
"235",823,234,2612.4731707317,6550,10.5,1627.0840995512,120.7433902439,433,0.007,115.5240250528,45.5635434882642,163.396226415094,0.00264150943396226,43.5939717180377,2650.43554006969,45.1504569061887
"236",824,235,2671.3170731707,7050,127,1714.0934694325,131.4197073171,580.56,0.622,142.2483372098,49.5923423838113,219.079245283019,0.234716981132075,53.6786178150189,2606.26585365854,45.0277354546038
"237",825,236,2682.6585365854,7520,269,1729.6412432894,135.4638292683,1077.3,0.523,185.490898205,51.1184261389811,406.528301886792,0.197358490566038,69.9965653603774,2563.40000000001,44.5057921241186
"238",826,237,2571.8292682927,7880,330,1655.3207680453,120.8647317073,877.8,1,153.0443319766,45.6093327197358,331.245283018868,0.377358490566038,57.7525781043774,2525.64599303137,43.563144040496
"239",827,238,2440.5609756098,8300,338,1608.1688040871,107.8882731707,593.4,1.5,121.7754229009,40.7125559134717,223.924528301887,0.566037735849057,45.9529897739245,2486.91986062719,42.0878736440701
"240",828,239,2376.512195122,8580,295,1629.7776707568,98.3251707317,517.14,2.25,111.195624726,37.1038380119623,195.147169811321,0.849056603773585,41.9606131041509,2441.98257839723,40.5651782262803
"241",829,240,2324.1707317073,8690,245,1634.0237743442,93.3912195122,544.95,1.6,111.4772425313,35.2419696272453,205.641509433962,0.60377358490566,42.0668839740755,2400.33797909409,38.5666771415364
"242",830,241,2341.3902439024,8400,298,1584.3462986047,93.3771243902,439.92,1.49,108.6680846562,35.236650713283,166.007547169811,0.562264150943396,41.006824398566,2384.28222996516,37.7641976595849
"243",831,242,2356.756097561,7580,310,1565.2005427498,103.1737073171,782.67,1.56,145.4360129566,38.933474459283,295.347169811321,0.588679245283019,54.8815143232453,2388.36236933797,37.8029173361348
"244",901,243,2391.1463414634,6810,290,1491.2067690461,98.3916341463,416.772,0.954,111.202773897,37.1289185457736,157.272452830189,0.36,41.9633109045283,2405.97909407664,38.5332718821887
"245",902,244,2459.4390243902,6740,298,1513.6708203698,105.9787373171,499.2,0.912,114.2379004399,39.9919763460755,188.377358490566,0.344150943396226,43.108641675434,2442.17421602787,39.9775888107278
"246",903,245,2469.1219512195,7250,247,1545.5666306427,108.6065231707,469,0.882,120.1583859976,40.9835936493208,176.981132075472,0.332830188679245,45.3427871689057,2477.5818815331,41.5093617382156
"247",904,246,2499.8292682927,7620,272,1609.26657056,111.873247561,511,0.598,120.3785162478,42.2163198343396,192.830188679245,0.225660377358491,45.4258551878491,2506.0487804878,42.3166104398113
"248",905,247,2577.5365853659,7740,240,1618.0843936205,120.1832985366,488,0.442,122.3581562486,45.3521881270189,184.150943396226,0.166792452830189,46.1728891504151,2522.18118466899,42.8996740122264
"249",906,248,2589.243902439,7880,236,1640.6685646481,121.7915121951,568,0.413,131.1010693828,45.9590612056981,214.339622641509,0.155849056603774,49.4721016538868,2527.05226480837,42.8636773913585
"250",907,249,2556.0243902439,7670,225,1670.7030479383,118.1481707317,659,0.353,141.4028647775,44.5842153704528,248.679245283019,0.133207547169811,53.359571614151,2530.9268292683,42.2734736572183
"251",908,250,2504.0731707317,7990,200,1660.6197696981,109.2074634146,644,0.238,136.2109270815,41.2103635526792,243.018867924528,0.089811320754717,51.4003498420755,2532.6968641115,41.299566419035
"252",909,251,2493.5365853659,7910,186,1631.5978686178,105.311,715,0.193,127.841517568,39.74,269.811320754717,0.0728301886792453,48.2420821011321,2529.22299651567,39.7259838274879
"253",910,252,2496.243902439,7500,299,1609.807686969,97.6582439024,599,0.362,107.9488103973,36.8521675103396,226.037735849057,0.136603773584906,40.7354001499245,2529.76306620209,38.1391650778976
"254",911,253,2512.2195121951,7090,385,1538.6188857575,93.8072682927,458,2.89,87.7482538513,35.3989691670566,172.830188679245,1.09056603773585,33.1125486231321,2534.48780487804,36.4399171652022
"255",912,254,2553.2195121951,6680,454,1564.7838111413,90.9933414634,292,2.88,78.0954169544,34.3371099861887,110.188679245283,1.08679245283019,29.4699686620377,2539.66550522647,34.860487541903
"256",913,255,2593.0243902439,6870,731,1629.1609111412,92.3560243902,307,5.65,82.6243016181,34.851329958566,115.849056603774,2.13207547169811,31.1789817426793,2540.89547038326,33.425343659186
"257",914,256,2589.0975609756,7240,491,1648.9671131481,86.6271219512,318,5.61,77.2043419466,32.6894799815849,120,2.11698113207547,29.1337139421132,2541.15679442507,32.2997023732776
"258",915,257,2540.3170731707,7580,419,1639.7776897956,79.9090439024,261,4.96,69.081947804,30.1543561895849,98.4905660377358,1.87169811320755,26.0686595486792,2543.62717770034,31.5350358293261
"259",916,258,2502.1463414634,7390,348,1622.2453661665,78.6890809756,261,3.42432,66.3058619183,29.6939928209811,98.4905660377358,1.29219622641509,25.0210799691698,2544.05574912891,31.2044644270512
"260",917,259,2498.0731707317,7200,272,1650.6817892956,76.7775980488,300,2.08352,70.32444282,28.9726785089811,113.207547169811,0.786233962264151,26.5375255924528,2537.48432055749,30.8084449148571
"261",918,260,2529.512195122,7220,211,1709.6832326772,79.6227039024,303,1.32086,74.0660505598,30.0463033593962,114.339622641509,0.498437735849057,27.949453041434,2525.8362369338,30.4475700216873
"262",919,261,2556.2195121951,7140,176,1767.2558602562,84.8612419512,345,0.86592,85.1833919906,32.0231101702642,130.188679245283,0.326762264150943,32.1446762228679,2522.59233449479,30.3984505896981
"263",920,262,2547.0243902439,7180,144,1801.289072967,85.009862439,356,0.42336,86.4855536131,32.0791933732076,134.339622641509,0.159758490566038,32.6360579672075,2524.2055749129,30.3570428058598
"264",921,263,2507.5609756098,7020,116,1798.837097249,79.9328926829,286,0.2146,80.5331732819,30.1633557293962,107.924528301887,0.0809811320754717,30.3898767101509,2524.31010452963,30.3157813082588
"265",922,264,2517.6097560976,6830,108,1764.5321458966,78.997878439,271,0.092016,79.1769359194,29.8105201656604,102.264150943396,0.0347230188679245,29.8780890261887,2512.32473867596,29.9187120504852
"266",923,265,2513.4390243902,6750,111,1744.8299351052,77.9209665854,250,0.14763,76.0064447861,29.4041383341132,94.3396226415094,0.0557094339622642,28.6816772777736,2501.31324041811,29.1017531812453
"267",924,266,2498.8048780488,6670,104,1768.5990673343,76.0121972683,250,0.075088,74.1951251966,28.6838480257736,94.3396226415094,0.0283350943396226,27.9981604515472,2503.42508710801,28.4682588942156
"268",925,267,2445.6146341463,6450,71.2,1738.2579062902,72.2570691707,237,0.055836,70.9444061693,27.2668185549811,89.4339622641509,0.0210701886792453,26.7714740261509,2517.63588850174,28.1505308084906
"269",926,268,2479.1390243902,6800,41.7,1748.4893872824,69.7066549268,224,0.051852,65.7987359265,26.3043980855849,84.5283018867924,0.0195667924528302,24.8297116703774,2526.34459930313,27.8134250429272
"270",927,269,2561.8073170732,7470,30.1,1828.8695694869,73.2585434146,198,0.043,64.3438194018,27.644733364,74.7169811320755,0.0162264150943396,24.280686566717,2528.23567944251,27.3135621200431
"271",928,270,2607.0365853659,7400,20.7,1824.7378446994,74.0390366927,208,0.006,61.3215920231,27.9392591293208,78.4905660377358,0.00226415094339623,23.1402234049434,2537.48609756099,27.095798280717
"272",929,271,2578.5707317073,7120,15.9,1769.0753043955,72.7445664878,191,0.002,58.6608400473,27.450779806717,72.0754716981132,0.000754716981132075,22.1361660555849,2559.2892334495,27.1442691715202
"273",930,272,2526.6765853659,6880,8.74,1745.2282382193,68.6485093659,193,0.001,56.3129547908,25.9050978739245,72.8301886792453,0.000377358490566038,21.2501716191698,2564.06379790944,26.9624824605876
"274",1001,273,2563.5578048781,6620,0.87,1722.3627258791,71.9726780488,246,0,62.783654924,27.1595011504906,92.8301886792453,0,23.6919452543396,2540.08574912896,26.1988469336658
"275",1002,274,2598.2365853659,6410,0.7,1675.143158025,73.1562041951,256,0,61.2571151157,27.6061147906038,96.6037735849057,0,23.1158924964906,2499.28331010456,25.2175249674555
"276",1003,275,2512.5609756098,6910,0,1648.7076954206,66.334511439,193,0,51.0542398315,25.0318911090566,72.8301886792453,0,19.2657508798113,2460.09515679446,24.1820505344798
"277",1004,276,2393.9609756098,6870,0,1632.2292125921,59.0931043902,203,0,49.565053302,22.2992846755472,76.6037735849057,0,18.7037936988679,2431.28003484323,23.4166767352507
"278",1005,277,2321.4195121951,6900,0,1631.9993307627,55.8355142195,208,0,48.3827064961,21.0700053658491,78.4905660377358,0,18.2576250928679,2399.21393728224,22.4849284700485
"279",1006,278,2304.2536585366,6750,0,1621.9713308344,53.5365157561,207,0,47.3138115,20.2024587758868,78.1132075471698,0,17.854268490566,2359.17421602789,21.5103195891105
"280",1007,279,2324.9707317073,6640,0,1601.9873891894,54.4508253902,186,0,45.7330443893,20.5474812793208,70.188679245283,0,17.2577525997358,2337.1362369338,20.8558435533477
"281",1008,280,2339.0951219512,7190,0,1593.161435786,54.6887477293,167,0,43.2199814188,20.6372632940755,63.0188679245283,0,16.3094269504906,2331.79163763066,20.7403490868464
"282",1009,281,2317.9585365854,6900,0,1642.9088138079,55.0772094537,164,0,48.0006263603,20.7838526240377,61.8867924528302,0,18.1134439095472,2336.60142857143,20.677097413876
"283",1010,282,2358.2951219512,6450,0,1674.5782606303,54.1939809756,190,0,47.7241589109,20.450558858717,71.6981132075472,0,18.0091165701509,2339.63923344947,20.6101011476873
"284",1011,283,2356.5487804878,6210,0,1677.2063586694,56.9506820366,179,0,50.4909365429,21.4908234100377,67.5471698113208,0,19.0531836010943,2334.6056097561,20.5854289386307
"285",1012,284,2355.0880487805,6160,0,1677.2205569799,54.6621956859,173,0,48.4586970019,20.6272436550566,65.2830188679245,0,18.286300755434,2320.75341463416,20.4935031343288
"286",1013,285,2325.5182926829,5930,0,1614.8291989308,52.2937350183,162,0,46.3842479153,19.733484912566,61.1320754716981,0,17.5034897793585,2306.36466898956,20.2354522952345
"287",1014,286,2289.7353658537,5730,0,1582.5541607732,53.9931559122,186,0,50.1359109312,20.3747758159245,70.188679245283,0,18.9192116721509,2282.91860627179,20.0148089799515
"288",1015,287,2242.1297560976,6020,0,1553.5000599622,52.9835240595,241,0,51.8165259993,19.9937826639623,90.9433962264151,0,19.5534060374717,2261.18048780489,19.6499538124798
"289",1016,288,2217.2373170732,6640,0,1555.6851447498,50.2903663885,260,0,50.5397883316,18.9774967503774,98.1132075471698,0,19.0716182383396,2239.50658536586,19.3539352270836
"290",1017,289,2194.1726829268,6670,4.08,1544.5542672872,50.1010474771,259,0.00094656,49.4564830954,18.9060556517358,97.7358490566038,0.000357192452830189,18.6628238095849,2214.91362369339,19.1232313318491
"291",1018,290,2204.3819512195,6330,3.56,1549.7453663606,50.18261868,237,0.00061588,50.9551988011,18.9368372377358,89.4339622641509,0.000232407547169811,19.2283769060755,2195.25717770034,18.7996915259191
"292",1019,291,2203.3707317073,5610,3.2,1507.3941041154,49.1710509268,197.578,0.001088,48.3361959353,18.555113557283,74.5577358490566,0.000410566037735849,18.2400739378491,2181.90860627177,18.521505195186
"293",1020,292,2153.3675609756,5600,3.07,1444.902526693,48.0141777617,147,0.00088723,44.5962844238,18.1185576459245,55.4716981132075,0.000334803773584906,16.8287865750189,2165.37644599303,18.2620429153531
"294",1021,293,2152.1402439024,5680,2.75,1463.9571864991,47.9914925122,225.72,0.000693,47.119163284,18.1099971744151,85.177358490566,0.000261509433962264,17.7808163335849,2156.62006968641,18.0135319804205
"295",1022,294,2148.6897560976,5700,2.28,1518.1582658941,47.8231676244,253.48,0.0006726,50.6909641074,18.0464783488302,95.6528301886792,0.000253811320754717,19.1286657009057,2146.46097560976,17.6893677073531
"296",1023,295,2101.512195122,5700,19,1550.1662349882,45.4773410976,253.48,0.005985,50.0279238264,17.1612607915472,95.6528301886792,0.00225849056603774,18.878461821283,2134.30696864111,17.4008554096765
"297",1024,296,2132.8780487805,5700,105,1517.8957341518,45.4911696341,193.56,0.046515,45.0989624591,17.1664791072075,73.0415094339623,0.0175528301886792,17.0184763996604,2124.88860627177,17.0747461621186
"298",1025,297,2133.2682926829,5930,156,1493.7411761144,44.1693714146,213.42,0.119808,46.2068262917,16.6676873262642,80.5358490566038,0.0452105660377358,17.436538223283,2112.78843205574,16.6887118540539
"299",1026,298,2118.2926829268,6100,356,1477.0315542314,43.8191478049,181.48,0.96976,44.9115212044,16.5355274735472,68.4830188679245,0.365947169811321,16.947743850717,2096.4006968641,16.2740982552129
"300",1027,299,2087.4390243902,5960,446,1434.4499128373,41.9648512195,179.75,1.78,44.4060468805,15.8357929130189,67.8301886792453,0.671698113207547,16.7569988228302,2077.46689895469,15.8961715508518
"301",1028,300,2067.4390243902,5510,427,1374.8715767078,40.8305560976,163.92,1.27,41.831573474,15.4077570179623,61.8566037735849,0.479245283018868,15.7854994241509,2050.48083623691,15.5240866057466
"302",1029,301,2033.9756097561,5360,342,1340.8448174156,40.1320853659,190.22,0.684,41.5905593357,15.1441831569434,71.7811320754717,0.25811320754717,15.694550692717,2016.48083623691,15.1611994740701
"303",1030,302,1968.9756097561,5310,344,1294.8650989158,38.4668007317,145,0.678,40.0724711761,14.5157738610189,54.7169811320755,0.255849056603774,15.1216872362642,1980.30662020904,14.671754585504
"304",1031,303,1943.9756097561,5310,374,1260.9034556183,38.5889939024,149,0.605,40.632808007,14.5618844914717,56.2264150943396,0.228301886792453,15.3331350969811,1943.08013937281,14.2695474327871
"305",1101,304,1895.2682926829,5180,313,1217.5790533758,37.437815122,133,0.725,39.8246324228,14.1274774045283,50.188679245283,0.273584905660377,15.0281631784151,1902.85017421603,13.7950094010997
"306",1102,305,1865.0731707317,5220,232,1194.8982883544,34.739945122,123,0.485,37.8448099128,13.1094132535849,46.4150943396226,0.183018867924528,14.2810603444528,1860.91289198606,13.2957158635256
"307",1103,306,1826.8536585366,5130,229,1165.7529875788,34.5039085366,131,0.538,37.7541914747,13.020342844,49.4339622641509,0.203018867924528,14.246864707434,1819.98954703833,12.7641035697898
"308",1104,307,1785.8292682927,5050,355,1139.2238345128,32.0278756098,144,0.735,35.940873061,12.0859907961509,54.3396226415094,0.277358490566038,13.5625936079245,1778.11846689896,12.2348162119569
"309",1105,308,1740.4146341463,5250,350,1093.9497012114,30.8701902439,127,0.707,32.7105227299,11.6491283939245,47.9245283018868,0.266792452830189,12.3435934829811,1743.84320557491,11.7929819867224
"310",1106,309,1682.512195122,5210,330,1052.8677533753,28.6053926829,121,0.863,31.3761259842,10.7944878048679,45.6603773584906,0.325660377358491,11.8400475412075,1701.23344947736,11.3325649858652
"311",1107,310,1650.8780487805,5090,277,1040.717641705,28.7707134146,123,0.691,31.6386381096,10.8568729866415,46.4150943396226,0.260754716981132,11.9391087206038,1653.6480836237,10.7852435079892
"312",1108,311,1655.3414634146,4560,278,988.6414822815,29.2417902439,140,0.627,31.4431964323,11.0346378278868,52.8301886792453,0.236603773584906,11.8653571442642,1606.73170731707,10.3492998356442
"313",1109,312,1566.8048780488,4170,318,927.2114704724,26.1992097561,151,0.563,29.8234422262,9.88649424758491,56.9811320754717,0.212452830188679,11.2541291419623,1563.72822299651,9.92389282755795
"314",1110,313,1493.756097561,4160,338,921.5315181937,24.351095122,148,0.706,29.6457865311,9.18909249886792,55.8490566037736,0.266415094339623,11.1870892570189,1526.32404181184,9.57105797120755
"315",1111,314,1457.4146341463,4130,359,931.8892631533,23.9411204878,155,0.87,31.345250407,9.03438508973585,58.4905660377358,0.328301886792453,11.82839638,1486.34494773519,9.04521502860377
"316",1112,315,1439.3902439024,3980,332,926.1284705172,22.9788902439,150,0.776,28.9567931628,8.67127933732075,56.6037735849057,0.292830188679245,10.9270917595472,1441.71777003484,8.45452993229111
"317",1113,316,1420.6829268293,3920,300,915.9769221717,22.0603060976,162,0.793,29.2828202839,8.3246438104151,61.1320754716981,0.299245283018868,11.0501208618491,1404.1881533101,7.95628270330997
"318",1114,317,1371.0243902439,3730,370,838.6972185421,19.0163268293,137,0.359,24.9507806277,7.17597238841509,51.6981132075472,0.135471698113208,9.41538891611321,1369.1881533101,7.54486741174124
"319",1115,318,1342.9512195122,3240,354,791.7988365494,18.2845817073,114,0.573,22.1108770393,6.89984215369811,43.0188679245283,0.21622641509434,8.34372718464151,1330.96167247387,7.03979405693261
"320",1116,319,1304.0975609756,3050,320,765.2801057416,16.9567236585,101.311,0.653,21.8791335904,6.39876364471698,38.2305660377358,0.246415094339623,8.25627682656604,1290.40766550524,6.4906556702372
"321",1117,320,1248.756097561,3180,255,768.9910201195,16.7193414634,106.53,0.61,22.5135771773,6.30918545788679,40.2,0.230188679245283,8.49568950086793,1247.89895470384,5.97812322660916
"322",1118,321,1189.8292682927,3080,238,738.1604467336,14.5720097561,88.088,0.528,19.0143263143,5.49887160607547,33.2407547169811,0.199245283018868,7.17521747709434,1208.42857142859,5.52468654263073
"323",1119,322,1155.512195122,2790,189,702.358175077,12.7923731707,61.875,0.423,14.5987342542,4.82731063045283,23.3490566037736,0.159622641509434,5.50895632233962,1173.27874564461,5.10522337781671
"324",1120,323,1123.1219512195,2660,186,675.0105256632,12.5528292683,51.8,0.354,14.3847767024,4.73691670501887,19.5471698113208,0.133584905660377,5.42821762354717,1142.55400696866,4.7863923739407
"325",1121,324,1094.7317073171,2790,170,666.8217162177,10.6050763415,39.1,0.246,10.8700290785,4.00191560056604,14.7547169811321,0.0928301886792453,4.1018977654717,1115.0662020906,4.48250069029111
"326",1122,325,1096.9024390244,2720,152,652.4817930363,10.50354,45.36,0.226,11.0449051649,3.9636,17.1169811320755,0.0852830188679245,4.1678887414717,1091.57142857143,4.2039903359407
"327",1123,326,1089.0243902439,2570,155,626.1625383159,11.0424085366,40.3,0.253,10.980475344,4.16694661758491,15.2075471698113,0.0954716981132075,4.14357560150943,1067.11498257839,4.00084357373046
"328",1124,327,1056.3414634146,2500,162,624.3099634699,11.0821507317,59.7,0.262,13.2073623367,4.18194367233962,22.5283018867925,0.0988679245283019,4.98391031573585,1052.60278745644,3.87760912497574
"329",1125,328,1025.3658536585,2530,207,602.6785941154,9.4056426829,39.1,0.12,10.2360532105,3.54929912562264,14.7547169811321,0.0452830188679245,3.86266158886792,1043.57839721254,3.82997349286792
"330",1126,329,984.3170731707,2460,173,604.0176917535,9.0240007317,32.64,0.095,9.6865311661,3.40528329498113,12.3169811320755,0.0358490566037736,3.65529477966038,1034.80836236934,3.8218530011159
"331",1127,330,1021.5365853659,2780,168,651.9704401873,10.2668302439,60.9,0.128,12.8368432821,3.87427556373585,22.9811320754717,0.0483018867924528,4.84409180456604,1023.27526132404,3.73030025639353
"332",1128,331,1031.5609756098,3430,165,712.5055806371,9.7214353659,60,0.083,12.935466129,3.66846617581132,22.6415094339623,0.0313207547169811,4.88130797320755,1014.46689895471,3.59021501545013
"333",1129,332,1035.512195122,3500,142,729.0243864903,10.352904878,67.6,0.119,14.9473046096,3.90675655773585,25.5094339622642,0.0449056603773585,5.64049230550943,1008.36585365856,3.48461664584906
"334",1130,333,1008.2926829268,3370,143,707.8954104916,9.344105122,64,0.146,13.0630366183,3.5260774045283,24.1509433962264,0.0550943396226415,4.92944778049057,1011.10452961676,3.41761859181132
"335",1201,334,994.6829268293,3370,149,661.6255904598,8.4835695122,42.5,0.226,10.4668903382,3.20134698573585,16.0377358490566,0.0852830188679245,3.9497699389434,1001.11149825787,3.27875626849057
"336",1202,335,982.6585365854,3340,173,663.5150567152,7.4467929268,38.1,0.236,8.4109982942,2.81011053841509,14.377358490566,0.0890566037735849,3.17396162045283,987.121951219543,3.14484179869542
"337",1203,336,1003.4878048781,3270,178,658.2335118311,7.7811868293,43.2,0.251,9.41369508,2.93629691671698,16.3018867924528,0.0947169811320755,3.55233776603774,966.261324041829,2.91479811977898
"338",1204,337,951.5853658537,2930,197,611.032322206,7.6909341463,43.04,0.252,9.147421315,2.90223930049057,16.2415094339623,0.0950943396226415,3.4518571,944.128919860643,2.72834869501887
"339",1205,338,933.6341463415,2360,152,542.8824346071,7.2373219512,30.9,0.2,7.486207476,2.73106488724528,11.6603773584906,0.0754716981132075,2.82498395320755,923.9930313589,2.57448282163881
"340",1206,339,889.487804878,2340,126,512.1024371135,6.0855946341,24.8,0.152,6.3228248346,2.29645080532075,9.35849056603774,0.0573584905660377,2.38597163569811,911.637630662029,2.56644860955795
"341",1207,340,853.3658536585,2130,125,491.4789291566,5.8854682927,21.5,0.144,6.3882186268,2.22093143120755,8.11320754716981,0.0543396226415094,2.41064853841509,890.435540069686,2.53305857602695
"342",1208,341,853.7317073171,2080,123,496.5286509553,5.629357561,24.3,0.129,6.1153963075,2.12428587207547,9.16981132075472,0.0486792452830189,2.30769671981132,867.533101045286,2.38476256656065
"343",1209,342,896.1707317073,3230,143,639.6878106717,7.2977582927,72.029,0.12,12.025347018,2.75387105384906,27.1807547169811,0.0452830188679245,4.53786679924528,844.808362369329,2.23405277759569
"344",1210,343,855.0731707317,3150,140,625.4279091248,7.1618017073,68.355,0.15,12.200781357,2.702566682,25.7943396226415,0.0566037735849057,4.60406843660377,820.714285714286,2.14420124909973
"345",1211,344,791.2682926829,2510,140,552.3727918892,4.9400431707,29.367,0.13,6.4380358139,1.86416723422642,11.0818867924528,0.0490566037735849,2.4294474769434,796.940766550529,1.99857333508895
"346",1212,345,774.5609756098,2380,143,543.293891406,4.4416553659,23.5,0.13,5.7491592089,1.67609636449057,8.86792452830189,0.0490566037735849,2.16949404109434,767.372822299657,1.86359588456065
"347",1213,346,720.8292682927,2030,140,473.0491466243,4.4188487805,23.3,0.14,5.6592203067,1.66749010584906,8.79245283018868,0.0528301886792453,2.13555483271698,727.592334494786,1.62347781211321
"348",1214,347,686.9512195122,2050,142,449.2222696628,3.1840704878,13.9,0.12,3.6933764244,1.20153603313208,5.24528301886792,0.0452830188679245,1.39372695260377,696.128919860643,1.39908965223181
"349",1215,348,646.756097561,2230,150,434.3927244147,3.1255258537,22.1,0.19474,4.2028128048,1.17944371837736,8.33962264150943,0.0734867924528302,1.58596709615094,671.2324041812,1.27499553088949
"350",1216,349,617.7073170732,2140,148,401.0415342519,2.8435680488,21.6,0.15392,3.7602859523,1.07304454671698,8.15094339622642,0.0580830188679245,1.4189758310566,646.155749128929,1.16101560846361
"351",1217,350,634.8292682927,2180,119,431.2455740317,2.9994013415,21.8,0.069615,4.0790760059,1.13184956283019,8.22641509433962,0.0262698113207547,1.53927396449057,629.183623693386,1.05546058906739
"352",1218,351,616.9926829268,2160,86.7,407.388085485,2.6380972198,19.5,0.04945,3.5107476037,0.995508384830189,7.35849056603774,0.0186603773584906,1.32481041649057,616.434494773529,1.00563450268464
"353",1219,352,599.0243902439,2050,90,389.4446358473,2.3273278049,17.1,0.0486,2.923418772,0.878236907509434,6.45283018867925,0.0183396226415094,1.10317689509434,607.741114982586,0.955463254242588
"354",1220,353,602.0243902439,2020,100,397.9927441427,2.4608031707,21.4,0.0355,3.6295135629,0.928604970075472,8.07547169811321,0.0133962264150943,1.36962775958491,603.660975609757,0.938312195137466
"355",1221,354,597.7073170732,1960,116,362.1660008824,2.2597965854,18.3,0.03654,3.2166970013,0.85275342845283,6.90566037735849,0.013788679245283,1.21384792501887,596.410104529614,0.890945322479784
"356",1222,355,585.9024390244,1860,108,316.7991323282,2.1948491951,19.9,0.02538,3.1638918799,0.828244979283019,7.50943396226415,0.00957735849056604,1.19392146411321,590.4425087108,0.857609473407008
"357",1223,356,589.1463414634,1880,96,321.2011488908,2.5254159024,27.8,0.014592,4.3551522671,0.952987132981132,10.4905660377358,0.00550641509433962,1.64345368569811,587.465156794428,0.845739057261455
"358",1224,357,584.0731707317,1800,92,315.9573855953,2.1207458537,17.4,0.04002,2.7644020439,0.800281454226415,6.56603773584906,0.0151018867924528,1.04317058260377,583.158536585371,0.832855735983827
"359",1225,358,575.2195121951,1740,96,304.2026883671,2.0197172195,16,0.033216,2.6037922021,0.762157441320755,6.0377358490566,0.0125343396226415,0.982563095132076,578.986411149829,0.810138330814016
"360",1226,359,578.1829268293,1760,95.5,329.2860032726,2.1071315854,16.8,0.025245,2.9464526485,0.795143994490566,6.33962264150943,0.00952641509433962,1.11186892396226,576.558188153314,0.799800345148248
"361",1227,360,571.8780487805,1890,84,330.0023632584,2.221817561,21,0.03,3.8118858723,0.838421721132075,7.92452830188679,0.0113207547169811,1.43844749898113,570.1236933798,0.763279554932615
"362",1228,361,568.5024390244,1640,57.5,308.0266266801,1.8383887195,12.8,0.0140875,2.5357858979,0.693731592264151,4.83018867924528,0.00531603773584906,0.956900338830189,563.094668989557,0.76667176122911
"363",1229,362,568.9048780488,1780,38.4,325.5691047621,2.003079561,15.7,0.011712,2.8979880506,0.755879079622641,5.92452830188679,0.00441962264150943,1.09358039645283,563.094668989557,0.76667176122911
"364",1230,363,544.1048780488,1710,27,319.3792979759,1.8479552439,12.7,0.009855,2.6040559786,0.697341601471698,4.79245283018868,0.0037188679245283,0.982662633433962,556.530209059243,0.757170997309973
"365",1231,364,534.87,1700,19.5,340.3139600202,2.1836712805,16.2,0.0045825,3.2613806823,0.824026898301887,6.11320754716981,0.00172924528301887,1.23070969143396,548.454599303143,0.735697530738544
