timestep,time,crateridx,diameter,ref_elev,location_x,location_y,p_SLR,p_f_bedload,p_crater_accumulation_duration,p_crater_accumulation_number,p_crater_size,log_ID,distance_inlet,interbedded,rim_frac,ejecta_frac,rim_frac_sfc,rim_degree_cov,rim_degree_consec,rim_degree_consec_aboveref,rim_degree_consec_top
40,426666.7,1,109.7,-6.0,9330.0,2390.0,1e-08,0.5,1.0,250.0,-2.0,0,4069.2259706238974,False,1.0,1.0,0.0,1.0,360.0,360.0,
75,800000.0,2,118.5,-6.0,11490.0,270.0,1e-08,0.5,1.0,250.0,-2.0,0,5513.274888847825,False,1.0,0.9988452655889145,0.25,1.0,360.0,360.0,
116,1237333.3,3,148.0,-6.0,10750.0,3670.0,1e-08,0.5,1.0,250.0,-2.0,0,5970.008375203505,False,1.0,0.9952054794520548,1.0,1.0,360.0,360.0,
168,1792000.0,4,233.0,-6.0,10430.0,1870.0,1e-08,0.5,1.0,250.0,-2.0,0,4796.519571522668,False,1.0,0.9530386740331491,0.0,1.0,360.0,360.0,
168,1792000.0,5,264.0,-6.0,4970.0,4770.0,1e-08,0.5,1.0,250.0,-2.0,0,4797.520192766258,False,1.0,0.9608433734939759,0.6547619047619048,1.0,360.0,360.0,
185,1973333.3,6,25.1,-6.0,3410.0,4210.0,1e-08,0.5,1.0,250.0,-2.0,0,4864.339626300779,False,1.0,1.0,0.0,,360.0,360.0,
198,2112000.0,7,138.3,-6.0,7050.0,2270.0,1e-08,0.5,1.0,250.0,-2.0,0,2437.4166652421163,False,0.475,0.910436137071651,0.0,0.65,180.0,180.0,
239,2549333.3,8,278.7,-6.0,3350.0,5050.0,1e-08,0.5,1.0,250.0,-2.0,0,5622.97074507773,False,1.0,0.9596464258262875,0.0,1.0,360.0,360.0,
266,2837333.3,9,130.3,-2.2,5470.0,1050.0,1e-08,0.5,1.0,250.0,-2.0,0,1095.9014554237986,True,0.9772727272727273,0.6581272084805654,0.20454545454545456,1.0,360.0,360.0,
277,2954666.7,10,138.0,-6.0,5730.0,2470.0,1e-08,0.5,1.0,250.0,-2.0,0,2403.039741660549,False,1.0,0.9867601246105919,1.0,1.0,360.0,360.0,
283,3018666.7,11,246.5,-5.7,5730.0,1370.0,1e-08,0.5,1.0,250.0,-2.0,0,1314.0015220691337,False,1.0,0.6618811881188119,0.18055555555555555,1.0,360.0,360.0,
309,3296000.0,12,121.0,-6.0,1510.0,3770.0,1e-08,0.5,1.0,250.0,-2.0,0,5796.291918114546,False,1.0,0.9530612244897959,0.025,1.0,360.0,360.0,
326,3477333.3,13,299.8,-4.6,10430.0,2210.0,1e-08,0.5,1.0,250.0,-2.0,0,4933.4977450081,False,0.9019607843137255,0.937,0.00980392156862745,0.9130434782608695,328.69565217391306,328.69565217391306,
367,3914666.7,14,218.5,-6.0,9030.0,5890.0,1e-08,0.5,1.0,250.0,-2.0,0,6561.905211141045,False,0.96,0.932410856838744,0.0,1.0,360.0,360.0,
453,4832000.0,15,99.1,-5.5,4510.0,4470.0,1e-08,0.5,1.0,250.0,-2.0,0,4629.57881453594,False,0.625,0.922360248447205,0.0,0.7142857142857143,257.14285714285717,257.14285714285717,
490,5226666.7,16,199.3,-6.0,1470.0,3150.0,1e-08,0.5,1.0,250.0,-2.0,0,5455.730931781735,False,1.0,0.9650464227198252,0.5625,1.0,360.0,360.0,
512,5461333.3,17,271.5,-6.0,770.0,2510.0,1e-08,0.5,1.0,250.0,-2.0,0,5748.825967099718,False,0.9418604651162791,0.9514145141451414,0.0,1.0,360.0,360.0,
520,5546666.7,18,69.5,-6.0,4930.0,1370.0,1e-08,0.5,1.0,250.0,-2.0,0,1663.3099530754935,False,1.0,0.653125,0.16666666666666666,0.8888888888888888,320.0,320.0,
533,5685333.3,19,126.6,-6.0,3850.0,2470.0,1e-08,0.5,1.0,250.0,-2.0,0,3201.4059411452336,False,1.0,1.0,0.9444444444444444,1.0,360.0,360.0,
534,5696000.0,20,48.7,-5.8,6830.0,770.0,1e-08,0.5,1.0,250.0,-2.0,0,1094.805918873295,False,0.875,0.625,0.0,,315.0,120.0,
543,5792000.0,21,198.8,-6.0,2170.0,3390.0,1e-08,0.5,1.0,250.0,-2.0,0,5046.999108381137,False,1.0,0.9996206373292867,0.0,1.0,360.0,360.0,
573,6112000.0,22,14.7,-6.0,11210.0,3410.0,1e-08,0.5,1.0,250.0,-2.0,0,6200.145159591024,False,1.0,1.0,0.0,,360.0,360.0,
606,6464000.0,23,40.0,-6.0,430.0,1290.0,1e-08,0.5,1.0,250.0,-2.0,0,5680.369706277928,False,1.0,1.0,0.0,,360.0,288.0,
670,7146666.7,24,28.8,-6.0,10570.0,5630.0,1e-08,0.5,1.0,250.0,-2.0,0,7202.124686507447,False,1.0,1.0,1.0,,360.0,360.0,
676,7210666.7,25,67.6,-6.0,1710.0,1910.0,1e-08,0.5,1.0,250.0,-2.0,0,4645.621594576984,False,1.0,0.9769736842105263,0.0,1.0,360.0,360.0,
683,7285333.3,26,118.0,-5.9,9190.0,190.0,1e-08,0.5,1.0,250.0,-2.0,0,3211.8841822207723,False,0.9166666666666666,0.8936170212765957,0.3888888888888889,1.0,360.0,360.0,
748,7978666.7,27,258.4,-6.0,11590.0,2390.0,1e-08,0.5,1.0,250.0,-2.0,0,6066.976182580578,False,0.975,0.9694783573806881,0.0,1.0,359.99999999999994,359.99999999999994,
808,8618666.7,28,213.9,-5.7,5610.0,4490.0,1e-08,0.5,1.0,250.0,-2.0,0,4425.494322671762,False,1.0,0.9701386420191966,0.7314814814814815,1.0,360.0,360.0,
825,8800000.0,29,282.3,-6.0,6510.0,5410.0,1e-08,0.5,1.0,250.0,-2.0,0,5356.286026716646,False,0.9943181818181818,0.9678295383329851,0.8238636363636364,1.0,360.0,360.0,
882,9408000.0,30,205.1,-6.0,9090.0,710.0,1e-08,0.5,1.0,250.0,-2.0,0,3173.168763239674,False,0.9,0.855865522174535,0.05,1.0,360.0,360.0,
944,10069333.3,31,191.6,-5.6,6250.0,4790.0,1e-08,0.5,1.0,250.0,-2.0,0,4717.732506194051,False,1.0,0.983251633986928,1.0,1.0,360.0,360.0,
987,10528000.0,32,154.4,-6.0,9590.0,4430.0,1e-08,0.5,1.0,250.0,-2.0,0,5652.839994197607,False,,,,0.0,0.0,0.0,
998,10645333.3,33,66.3,-6.0,2490.0,4770.0,1e-08,0.5,1.0,250.0,-2.0,0,5846.041395679644,False,1.0,0.9929577464788732,0.0,1.0,360.0,360.0,
1009,10762666.7,34,68.2,-6.0,11950.0,5450.0,1e-08,0.5,1.0,250.0,-2.0,0,8029.806971528021,False,1.0,1.0,0.0,1.0,360.0,360.0,
1042,11114666.7,35,247.0,-4.9,10610.0,2670.0,1e-08,0.5,1.0,250.0,-2.0,0,5305.186141880415,False,1.0,0.9019174041297935,0.0,1.0,360.0,360.0,
1109,11829333.3,36,227.8,-6.0,6290.0,3570.0,1e-08,0.5,1.0,250.0,-2.0,0,3503.740857997349,False,1.0,0.9404487917146145,0.0,1.0,360.0,360.0,
1133,12085333.3,37,71.0,-6.0,10610.0,750.0,1e-08,0.5,1.0,250.0,-2.0,0,4678.226159560908,False,1.0,1.0,0.8333333333333334,0.9,324.0,324.0,
1171,12490666.7,38,201.1,-6.0,8550.0,1770.0,1e-08,0.5,1.0,250.0,-2.0,0,3075.873859572268,False,1.0,0.827917282127031,0.14130434782608695,1.0,360.0,360.0,
1171,12490666.7,39,45.0,-6.0,690.0,650.0,1e-08,0.5,1.0,250.0,-2.0,0,5320.620264593217,False,1.0,0.9926470588235294,1.0,,360.0,300.0,
1183,12618666.7,40,194.6,-6.0,11270.0,5330.0,1e-08,0.5,1.0,250.0,-2.0,0,7452.959143856889,False,1.0,0.9540816326530612,0.011904761904761904,1.0,360.0,360.0,
1209,12896000.0,41,84.7,-6.0,1290.0,4670.0,1e-08,0.5,1.0,250.0,-2.0,0,6562.331902609011,False,1.0,0.91875,0.0,1.0,360.0,360.0,
1283,13685333.3,42,55.9,-6.0,1330.0,1790.0,1e-08,0.5,1.0,250.0,-2.0,0,4954.452542915312,False,1.0,0.8018867924528302,0.0,,360.0,300.0,
1303,13898666.7,43,294.8,-6.0,8890.0,2570.0,1e-08,0.5,1.0,250.0,-2.0,0,3829.9086150977546,False,1.0,0.9290633608815427,0.6372549019607843,1.0,360.0,360.0,
1311,13984000.0,44,260.8,-6.0,10650.0,4230.0,1e-08,0.5,1.0,250.0,-2.0,0,6247.511504591248,False,1.0,0.9914548641542507,1.0,1.0,359.99999999999994,359.99999999999994,
1320,14080000.0,45,242.2,-5.6,6350.0,1070.0,1e-08,0.5,1.0,250.0,-2.0,0,1056.882207249228,False,0.703125,0.4949031600407747,0.0390625,0.7837837837837838,194.59459459459458,194.59459459459458,
1389,14816000.0,46,116.2,-6.0,650.0,3850.0,1e-08,0.5,1.0,250.0,-2.0,0,6528.537355334654,False,0.8571428571428571,0.8833333333333333,0.0,0.9411764705882353,338.8235294117647,338.8235294117647,
1389,14816000.0,47,26.4,-1.2,4610.0,730.0,1e-08,0.5,1.0,250.0,-2.0,0,1516.3772617656862,True,1.0,0.3611111111111111,0.75,,360.0,360.0,
1421,15157333.3,48,274.3,-6.0,570.0,5430.0,1e-08,0.5,1.0,250.0,-2.0,0,7608.5872538862295,False,0.9651162790697675,0.9309136420525657,0.0,0.9761904761904762,351.42857142857144,351.42857142857144,
1453,15498666.7,49,96.6,-6.0,2370.0,2210.0,1e-08,0.5,1.0,250.0,-2.0,0,4191.539096799647,False,1.0,0.9808917197452229,0.0,1.0,360.0,360.0,
1527,16288000.0,50,171.9,-5.8,1810.0,2710.0,1e-08,0.5,1.0,250.0,-2.0,0,4930.091277045487,False,0.6323529411764706,0.97920892494929,0.014705882352941176,0.6538461538461539,235.3846153846154,235.3846153846154,
1564,16682666.7,51,10.6,-6.0,10670.0,5190.0,1e-08,0.5,1.0,250.0,-2.0,0,6936.007497112442,False,1.0,,0.0,,360.0,360.0,
1571,16757333.3,52,110.9,-5.4,5990.0,3890.0,1e-08,0.5,1.0,250.0,-2.0,0,3810.013123336979,False,1.0,0.9902912621359223,0.0,1.0,360.0,360.0,
1572,16768000.0,53,160.4,-1.2,6410.0,770.0,1e-08,0.5,1.0,250.0,-2.0,0,813.0190649671138,True,0.4807692307692308,0.2977855477855478,0.07692307692307693,0.5416666666666666,120.0,105.0,
1594,17002666.7,54,246.3,-6.0,4730.0,1670.0,1e-08,0.5,1.0,250.0,-2.0,0,2022.5231766286388,False,1.0,0.8138613861386138,0.9444444444444444,1.0,360.0,360.0,
1604,17109333.3,55,234.9,-6.0,1830.0,4550.0,1e-08,0.5,1.0,250.0,-2.0,0,6099.458992402523,False,1.0,0.9558026030368764,0.07575757575757576,1.0,360.0,360.0,
1621,17290666.7,56,102.0,-6.0,11930.0,5730.0,1e-08,0.5,1.0,250.0,-2.0,0,8205.181289892382,False,1.0,0.9976689976689976,1.0,0.9285714285714286,334.2857142857143,334.2857142857143,
1630,17386666.7,57,240.7,-6.0,7430.0,4430.0,1e-08,0.5,1.0,250.0,-2.0,0,4585.30260724415,False,1.0,0.9599690082644629,0.49193548387096775,1.0,360.0,360.0,
1631,17397333.3,58,122.3,-4.3,6530.0,3370.0,1e-08,0.5,1.0,250.0,-2.0,0,3335.655857548857,False,1.0,0.930161943319838,0.0,1.0,360.0,360.0,
1637,17461333.3,59,139.1,-6.0,510.0,1450.0,1e-08,0.5,1.0,250.0,-2.0,0,5638.953803676707,False,0.8,0.9883900928792569,0.05,0.8,288.0,288.0,
1643,17525333.3,60,286.5,-2.0,6750.0,1270.0,1e-08,0.5,1.0,250.0,-2.0,0,1417.391971192161,True,1.0,0.656043956043956,0.02127659574468085,1.0,360.0,360.0,
1648,17578666.7,61,27.7,-3.6,5710.0,4250.0,1e-08,0.5,1.0,250.0,-2.0,0,4178.731865051885,False,1.0,0.8541666666666666,0.0,,360.0,360.0,
1660,17706666.7,62,271.2,-6.0,430.0,3530.0,1e-08,0.5,1.0,250.0,-2.0,0,6534.90627323759,False,1.0,0.9616645649432535,0.19186046511627908,1.0,360.0,360.0,
1680,17920000.0,63,83.4,-6.0,1750.0,5750.0,1e-08,0.5,1.0,250.0,-2.0,0,7074.022900726291,False,1.0,1.0,1.0,1.0,360.0,360.0,
1703,18165333.3,64,260.9,-3.5,350.0,5170.0,1e-08,0.5,1.0,250.0,-2.0,0,7589.795781178832,False,0.8552631578947368,0.9191599539700805,0.006578947368421052,0.8717948717948718,313.8461538461538,313.8461538461538,
1726,18410666.7,65,273.0,-2.3,10370.0,2810.0,1e-08,0.5,1.0,250.0,-2.0,0,5169.6228102251325,False,0.9011627906976745,0.8979015334947539,0.5755813953488372,0.9512195121951219,316.0975609756098,316.0975609756098,
1729,18442666.7,66,98.7,-6.0,5470.0,2970.0,1e-08,0.5,1.0,250.0,-2.0,0,2934.655005277452,False,1.0,0.9487577639751553,0.0,1.0,360.0,360.0,
1736,18517333.3,67,115.6,-4.6,1490.0,3450.0,1e-08,0.5,1.0,250.0,-2.0,0,5614.000356252215,False,1.0,0.93,1.0,1.0,360.0,360.0,
1743,18592000.0,68,57.7,-6.0,8650.0,3650.0,1e-08,0.5,1.0,250.0,-2.0,0,4458.004037683232,False,1.0,0.9605263157894737,0.0,1.0,360.0,360.0,
1829,19509333.3,69,120.0,-5.7,5390.0,2410.0,1e-08,0.5,1.0,250.0,-2.0,0,2403.539057306954,False,1.0,0.9348739495798319,0.027777777777777776,1.0,360.0,360.0,
1842,19648000.0,70,294.8,-4.5,2950.0,4970.0,1e-08,0.5,1.0,250.0,-2.0,0,5752.65156254053,False,0.946078431372549,0.9574724517906336,0.0,1.0,360.0,360.0,
1905,20320000.0,71,132.9,-6.0,4610.0,2630.0,1e-08,0.5,1.0,250.0,-2.0,0,2894.71933009057,False,1.0,0.8732993197278912,0.0,1.0,360.0,360.0,
1988,21205333.3,72,22.2,-5.6,2250.0,5150.0,1e-08,0.5,1.0,250.0,-2.0,0,6294.267232966837,False,1.0,0.75,0.5,,360.0,360.0,
1988,21205333.3,73,102.4,-5.6,130.0,4110.0,1e-08,0.5,1.0,250.0,-2.0,0,7103.75956800341,False,1.0,1.0,0.041666666666666664,1.0,360.0,360.0,
2000,21333333.3,74,39.4,-2.1,3870.0,310.0,1e-08,0.5,1.0,250.0,-2.0,0,2122.4985276791126,True,0.0,0.31,0.0,,0.0,0.0,
2017,21514666.7,75,165.2,-6.0,3930.0,3910.0,1e-08,0.5,1.0,250.0,-2.0,0,4344.122466045358,False,1.0,0.9208515283842795,0.0,1.0,360.0,360.0,
2031,21664000.0,76,274.6,-6.0,9630.0,3910.0,1e-08,0.5,1.0,250.0,-2.0,0,5290.689936104742,False,1.0,0.9865186360031721,0.9011627906976745,1.0,360.0,360.0,
2046,21824000.0,77,139.0,-5.0,7690.0,1950.0,1e-08,0.5,1.0,250.0,-2.0,0,2533.969218439719,False,0.825,0.781733746130031,0.125,0.9,162.0,162.0,
2049,21856000.0,78,136.4,2.1,6890.0,950.0,1e-08,0.5,1.0,250.0,-2.0,0,1258.967831201417,True,1.0,0.5056270096463023,0.0,1.0,360.0,360.0,
2061,21984000.0,79,16.6,-4.7,11070.0,5530.0,1e-08,0.5,1.0,250.0,-2.0,0,7457.25150440831,False,1.0,1.0,0.5,,360.0,360.0,
2090,22293333.3,80,119.7,-5.8,10790.0,5150.0,1e-08,0.5,1.0,250.0,-2.0,0,6988.6336289721185,False,1.0,1.0,1.0,1.0,360.0,360.0,
2101,22410666.7,81,288.8,-1.9,7050.0,2190.0,1e-08,0.5,1.0,250.0,-2.0,0,2365.7979626333267,True,0.8617021276595744,0.9083572453371592,0.010638297872340425,0.9090909090909091,327.27272727272725,327.27272727272725,
2111,22517333.3,82,192.0,-6.0,1930.0,510.0,1e-08,0.5,1.0,250.0,-2.0,0,4072.76318977669,False,0.8095238095238095,0.9741343345848978,0.011904761904761904,0.8275862068965517,297.9310344827586,297.9310344827586,
2120,22613333.3,83,44.8,-5.5,2450.0,3670.0,1e-08,0.5,1.0,250.0,-2.0,0,5034.779041824973,False,1.0,0.9411764705882353,1.0,,360.0,300.0,
2186,23317333.3,84,101.2,-4.7,530.0,2170.0,1e-08,0.5,1.0,250.0,-2.0,0,5837.0026554730985,False,1.0,0.9244186046511628,0.0,0.9285714285714286,334.2857142857143,334.2857142857143,
2290,24426666.7,85,241.4,-2.2,3590.0,4850.0,1e-08,0.5,1.0,250.0,-2.0,0,5335.2600686377045,False,0.96875,0.8810380267214799,0.7890625,1.0,360.0,360.0,
2315,24693333.3,86,57.3,-1.7,8950.0,2870.0,1e-08,0.5,1.0,250.0,-2.0,0,4074.9233121618377,False,1.0,0.9090909090909091,0.5,1.0,360.0,360.0,
2354,25109333.3,87,15.8,-5.9,11870.0,1650.0,1e-08,0.5,1.0,250.0,-2.0,0,6095.654189666602,False,1.0,1.0,0.0,,360.0,360.0,
2382,25408000.0,88,209.8,14.4,2870.0,4850.0,1e-08,0.5,1.0,250.0,-2.0,0,5694.295391003175,False,0.6666666666666666,0.8778833107191316,0.9907407407407407,0.7741935483870968,197.4193548387097,197.4193548387097,
2387,25461333.3,89,205.5,-2.4,1610.0,4430.0,1e-08,0.5,1.0,250.0,-2.0,0,6165.987349970806,False,0.93,0.9242532005689901,0.33,1.0,360.0,360.0,
2412,25728000.0,90,76.3,-6.0,2910.0,3470.0,1e-08,0.5,1.0,250.0,-2.0,0,4573.510686551415,False,1.0,0.995,1.0,0.9,324.0,324.0,
2433,25952000.0,91,89.2,-5.8,170.0,1330.0,1e-08,0.5,1.0,250.0,-2.0,0,5942.9453976963305,False,1.0,0.9978401727861771,1.0,0.9230769230769231,332.3076923076923,332.3076923076923,
2439,26016000.0,92,40.7,-6.0,7570.0,3510.0,1e-08,0.5,1.0,250.0,-2.0,0,3780.6084166440723,False,0.0,0.5625,0.0,,0.0,0.0,
2472,26368000.0,93,110.5,-5.5,5830.0,5110.0,1e-08,0.5,1.0,250.0,-2.0,0,5032.236083492109,False,0.9583333333333334,0.9733009708737864,0.0,1.0,360.0,360.0,
2479,26442666.7,94,285.1,-5.7,6030.0,3070.0,1e-08,0.5,1.0,250.0,-2.0,0,2990.418030978278,False,1.0,0.9137803979366249,0.6063829787234043,1.0,360.0,360.0,
2482,26474666.7,95,49.5,-6.0,2770.0,3850.0,1e-08,0.5,1.0,250.0,-2.0,0,4951.464429842953,False,1.0,1.0,1.0,,360.0,300.0,
2502,26688000.0,96,17.5,-6.0,2150.0,1650.0,1e-08,0.5,1.0,250.0,-2.0,0,4139.29945763773,False,1.0,1.0,0.0,,360.0,360.0,
2550,27200000.0,97,132.0,-4.0,9450.0,3590.0,1e-08,0.5,1.0,250.0,-2.0,0,4935.68637577389,False,1.0,0.9206896551724137,1.0,1.0,360.0,360.0,
2584,27562666.7,98,19.8,-6.0,9870.0,630.0,1e-08,0.5,1.0,250.0,-2.0,0,3928.689348879598,False,1.0,1.0,0.625,,360.0,360.0,
2613,27872000.0,99,294.9,-2.6,1870.0,2730.0,1e-08,0.5,1.0,250.0,-2.0,0,4890.2556170408925,False,0.9656862745098039,0.9557506887052342,1.0,1.0,360.0,360.0,
2614,27882666.7,100,19.0,-6.0,8050.0,3030.0,1e-08,0.5,1.0,250.0,-2.0,0,3603.803546254984,False,1.0,1.0,0.0,,360.0,360.0,
2626,28010666.7,101,242.3,-5.0,4450.0,2750.0,1e-08,0.5,1.0,250.0,-2.0,0,3077.3040148805576,False,1.0,0.9617737003058104,0.5,1.0,360.0,360.0,
2651,28277333.3,102,247.9,-5.3,1390.0,4890.0,1e-08,0.5,1.0,250.0,-2.0,0,6648.623917774264,False,0.8958333333333334,0.917964946445959,0.0,1.0,360.0,360.0,
2704,28842666.7,103,201.9,-5.4,4870.0,5290.0,1e-08,0.5,1.0,250.0,-2.0,0,5326.931574555843,False,1.0,0.9394273127753304,1.0,1.0,360.0,360.0,
2707,28874666.7,104,39.0,-6.0,9710.0,990.0,1e-08,0.5,1.0,250.0,-2.0,0,3839.4009949469983,False,1.0,1.0,0.5,,360.0,288.0,
2710,28906666.7,105,30.3,-3.6,6090.0,4610.0,1e-08,0.5,1.0,250.0,-2.0,0,4531.335344023878,False,1.0,0.8833333333333333,1.0,,360.0,360.0,
2766,29504000.0,106,43.3,-6.0,11730.0,730.0,1e-08,0.5,1.0,250.0,-2.0,0,5786.622503671723,False,1.0,0.9921875,0.0,,360.0,288.0,
2780,29653333.3,107,162.0,-3.1,5770.0,5210.0,1e-08,0.5,1.0,250.0,-2.0,0,5134.296446447166,False,0.9642857142857143,0.9960227272727272,0.9821428571428571,1.0,360.0,360.0,
2832,30208000.0,108,289.7,-6.0,8090.0,5010.0,1e-08,0.5,1.0,250.0,-2.0,0,5362.555361019595,False,0.9081632653061225,0.9631410256410257,0.0,0.9772727272727273,351.8181818181818,351.8181818181818,
2851,30410666.7,109,282.2,-1.3,6470.0,2830.0,1e-08,0.5,1.0,250.0,-2.0,0,2793.3134446388217,True,1.0,0.8916228399699474,0.7443181818181818,1.0,360.0,360.0,
2862,30528000.0,110,228.1,-4.2,310.0,4790.0,1e-08,0.5,1.0,250.0,-2.0,0,7371.092185015732,False,1.0,0.8856929398580501,0.12962962962962962,1.0,360.0,360.0,
2867,30581333.3,111,116.4,-6.8,4670.0,290.0,1e-08,0.5,1.0,250.0,-2.0,0,1326.7252918370102,False,,,,0.0,0.0,0.0,
2904,30976000.0,112,198.5,-6.0,11450.0,750.0,1e-08,0.5,1.0,250.0,-2.0,0,5510.880147490054,False,1.0,0.9938603223330775,1.0,1.0,360.0,360.0,
2927,31221333.3,113,30.3,-2.4,8950.0,870.0,1e-08,0.5,1.0,250.0,-2.0,0,3073.271872125862,False,0.75,0.6166666666666667,0.25,,180.0,360.0,
2933,31285333.3,114,53.8,-5.5,10330.0,3430.0,1e-08,0.5,1.0,250.0,-2.0,0,5490.446247801721,False,1.0,0.9411764705882353,1.0,,360.0,300.0,
2936,31317333.3,115,19.0,-0.5,6350.0,4650.0,1e-08,0.5,1.0,250.0,-2.0,0,4584.953652982765,False,1.0,1.0,0.75,,360.0,360.0,
2972,31701333.3,116,270.3,-5.9,11930.0,250.0,1e-08,0.5,1.0,250.0,-2.0,0,5952.428076003943,False,1.0,0.9552661381653454,0.9145299145299145,0.6585365853658537,237.07317073170734,237.07317073170734,
2976,31744000.0,117,162.3,-5.5,8430.0,5530.0,1e-08,0.5,1.0,250.0,-2.0,0,5975.366097570926,False,1.0,0.984650369528141,1.0,1.0,360.0,360.0,
3004,32042666.7,118,82.9,-3.7,7690.0,910.0,1e-08,0.5,1.0,250.0,-2.0,0,1900.7893097342483,True,0.0,0.4375,0.0,0.0,0.0,0.0,
3005,32053333.3,119,211.8,-5.5,3910.0,3570.0,1e-08,0.5,1.0,250.0,-2.0,0,4057.7087130546965,False,1.0,0.9697986577181208,0.6851851851851852,1.0,360.0,360.0,
3052,32554666.7,120,266.6,17.5,490.0,5150.0,1e-08,0.5,1.0,250.0,-2.0,0,7472.951224248691,False,0.5714285714285714,0.8845869297163995,0.6666666666666666,0.675,180.0,180.0,
3101,33077333.3,121,250.9,-1.3,4570.0,4410.0,1e-08,0.5,1.0,250.0,-2.0,0,4553.789630626343,False,1.0,0.9583729781160799,1.0,1.0,360.0,360.0,
3107,33141333.3,122,222.9,-40.5,6730.0,1230.0,1e-08,0.5,1.0,250.0,-2.0,0,1372.953021774598,False,0.3482142857142857,0.594692400482509,0.026785714285714284,0.5294117647058824,190.58823529411765,190.58823529411765,
3142,33514666.7,123,18.7,0.3,6770.0,1630.0,1e-08,0.5,1.0,250.0,-2.0,0,1739.7126199461795,True,0.875,0.75,0.0,,315.0,360.0,
3173,33845333.3,124,274.1,-1.3,3630.0,410.0,1e-08,0.5,1.0,250.0,-2.0,0,2373.0571000294112,True,0.7906976744186046,0.8515448379804069,0.06976744186046512,0.8809523809523809,317.1428571428571,317.1428571428571,
3208,34218666.7,125,286.3,-5.9,9850.0,4830.0,1e-08,0.5,1.0,250.0,-2.0,0,6126.94050893266,False,1.0,0.9853049228508449,1.0,1.0,360.0,360.0,
3252,34688000.0,126,43.9,4.2,7090.0,1130.0,1e-08,0.5,1.0,250.0,-2.0,0,1527.9397893896212,True,1.0,0.6796875,0.0,,360.0,288.0,
3317,35381333.3,127,166.5,-5.3,11130.0,1950.0,1e-08,0.5,1.0,250.0,-2.0,0,5478.996258440044,False,1.0,0.9978165938864629,1.0,1.0,360.0,360.0,
3365,35893333.3,128,94.9,-5.1,10310.0,5050.0,1e-08,0.5,1.0,250.0,-2.0,0,6591.64622837118,False,1.0,1.0,1.0,1.0,360.0,360.0,
3420,36480000.0,129,104.3,-6.0,11810.0,3570.0,1e-08,0.5,1.0,250.0,-2.0,0,6794.777406214275,False,1.0,0.9366883116883117,0.6666666666666666,1.0,360.0,360.0,
3449,36789333.3,130,215.8,-5.5,5130.0,2430.0,1e-08,0.5,1.0,250.0,-2.0,0,2498.99979991996,False,1.0,0.9407051282051282,0.3611111111111111,1.0,360.0,360.0,
3475,37066666.7,131,256.5,-5.8,2730.0,2930.0,1e-08,0.5,1.0,250.0,-2.0,0,4322.6149493101975,False,1.0,0.9775408348457351,1.0,1.0,359.99999999999994,359.99999999999994,
3478,37098666.7,132,38.6,-0.7,2690.0,150.0,1e-08,0.5,1.0,250.0,-2.0,0,3290.7445965920842,False,,,,,0.0,0.0,
3480,37120000.0,133,246.0,-4.9,8570.0,2950.0,1e-08,0.5,1.0,250.0,-2.0,0,3865.876356015541,False,1.0,0.939108910891089,0.9652777777777778,1.0,360.0,360.0,
3502,37354666.7,134,230.8,-4.4,1110.0,5370.0,1e-08,0.5,1.0,250.0,-2.0,0,7190.3407429690005,False,0.9354838709677419,0.8922132719601074,0.0,1.0,360.0,360.0,
3503,37365333.3,135,217.6,-5.5,8650.0,4670.0,1e-08,0.5,1.0,250.0,-2.0,0,5310.084745086466,False,1.0,0.9537389100126743,0.4827586206896552,1.0,360.0,360.0,
3511,37450666.7,136,120.8,-1.8,5050.0,1050.0,1e-08,0.5,1.0,250.0,-2.0,0,1343.800580443393,True,1.0,0.9040816326530612,0.925,1.0,360.0,360.0,
3512,37461333.3,137,153.5,14.9,590.0,5590.0,1e-08,0.5,1.0,250.0,-2.0,0,7707.93098049016,False,0.7833333333333333,0.8041639557579701,0.95,0.9130434782608695,234.7826086956522,234.7826086956522,
3514,37482666.7,138,10.3,-5.3,5670.0,3610.0,1e-08,0.5,1.0,250.0,-2.0,0,3543.5857545712083,False,0.625,,0.0,,135.0,0.0,
3522,37568000.0,139,57.6,-5.1,830.0,2030.0,1e-08,0.5,1.0,250.0,-2.0,0,5506.813960903346,False,1.0,0.9385964912280702,0.0,1.0,360.0,360.0,
3542,37781333.3,140,135.0,-5.8,11790.0,3850.0,1e-08,0.5,1.0,250.0,-2.0,0,6925.965636645911,False,1.0,0.9908350305498982,1.0,1.0,360.0,360.0,
3560,37973333.3,141,215.4,-4.4,8410.0,4430.0,1e-08,0.5,1.0,250.0,-2.0,0,4982.710105956397,False,1.0,0.9346153846153846,1.0,1.0,360.0,360.0,
3583,38218666.7,142,282.8,2.2,2070.0,470.0,1e-08,0.5,1.0,250.0,-2.0,0,3929.401990125215,False,0.8352272727272727,0.9952261877699478,0.2784090909090909,0.9302325581395349,251.16279069767444,242.79069767441862,
3617,38581333.3,143,121.9,0.2,4070.0,870.0,1e-08,0.5,1.0,250.0,-2.0,0,2066.9300907384363,True,1.0,0.8927125506072875,0.9,1.0,360.0,360.0,
3639,38816000.0,144,67.5,-6.0,10690.0,5670.0,1e-08,0.5,1.0,250.0,-2.0,0,7309.733237266597,False,1.0,0.993421052631579,1.0,1.0,360.0,360.0,
3686,39317333.3,145,124.0,-1.7,8350.0,5190.0,1e-08,0.5,1.0,250.0,-2.0,0,5632.850077891298,False,1.0,0.845703125,0.125,1.0,360.0,360.0,
3704,39509333.3,146,55.0,-5.9,4290.0,5530.0,1e-08,0.5,1.0,250.0,-2.0,0,5706.014370819618,False,1.0,0.9858490566037735,0.375,,360.0,300.0,
3715,39626666.7,147,224.3,-5.2,3670.0,4110.0,1e-08,0.5,1.0,250.0,-2.0,0,4645.104950375179,False,0.9910714285714286,0.932760663507109,0.0,1.0,360.0,360.0,
3736,39850666.7,148,202.2,-5.6,4330.0,5230.0,1e-08,0.5,1.0,250.0,-2.0,0,5407.864643276494,False,1.0,0.9779735682819384,1.0,1.0,360.0,360.0,
3744,39936000.0,149,213.5,-0.5,5890.0,470.0,1e-08,0.5,1.0,250.0,-2.0,0,400.24992192379,True,1.0,0.751697034655234,0.17592592592592593,1.0,360.0,360.0,
3774,40256000.0,150,69.2,-5.6,9230.0,1150.0,1e-08,0.5,1.0,250.0,-2.0,0,3421.607809203153,False,1.0,0.95625,1.0,0.8888888888888888,320.0,320.0,
3790,40426666.7,151,90.7,-4.6,6750.0,5030.0,1e-08,0.5,1.0,250.0,-2.0,0,5009.530916163708,False,1.0,0.9814814814814815,0.0,1.0,360.0,360.0,
3829,40842666.7,152,178.7,-5.4,5650.0,4070.0,1e-08,0.5,1.0,250.0,-2.0,0,4003.6233589087774,False,1.0,0.8905660377358491,0.0,1.0,360.0,360.0,
3832,40874666.7,153,83.5,-5.2,9830.0,5370.0,1e-08,0.5,1.0,250.0,-2.0,0,6542.675293792287,False,1.0,1.0,1.0,1.0,360.0,360.0,
3832,40874666.7,154,118.5,-1.4,3170.0,2130.0,1e-08,0.5,1.0,250.0,-2.0,0,3478.3041845129073,True,1.0,1.0,0.8611111111111112,1.0,360.0,360.0,
3842,40981333.3,155,47.4,-12.5,1870.0,4490.0,1e-08,0.5,1.0,250.0,-2.0,0,6028.283337733886,False,0.5,0.4934210526315789,1.0,,180.0,180.0,
3872,41301333.3,156,291.7,-5.8,3670.0,1910.0,1e-08,0.5,1.0,250.0,-2.0,0,2947.032405658275,False,1.0,0.9933004231311706,0.5918367346938775,1.0,360.0,360.0,
3909,41696000.0,157,206.9,-4.7,1170.0,2310.0,1e-08,0.5,1.0,250.0,-2.0,0,5301.792149830093,False,1.0,0.9091549295774648,0.9166666666666666,1.0,360.0,360.0,
3913,41738666.7,158,96.6,-4.5,10390.0,3910.0,1e-08,0.5,1.0,250.0,-2.0,0,5840.975945850146,False,1.0,0.9840764331210191,1.0,1.0,360.0,360.0,
3921,41824000.0,159,141.3,-9.0,6650.0,150.0,1e-08,0.5,1.0,250.0,-2.0,0,673.6467917239717,False,0.46875,0.27157894736842103,0.21875,0.47619047619047616,171.42857142857142,171.42857142857142,
3941,42037333.3,160,118.2,-5.9,7510.0,3070.0,1e-08,0.5,1.0,250.0,-2.0,0,3358.7199942835364,False,1.0,0.9517167381974249,0.0,1.0,360.0,360.0,
3950,42133333.3,161,232.0,-5.6,5290.0,3190.0,1e-08,0.5,1.0,250.0,-2.0,0,3185.623957720057,False,1.0,0.9492753623188406,0.7661290322580645,1.0,360.0,360.0,
3967,42314666.7,162,134.6,-14.2,2130.0,3350.0,1e-08,0.5,1.0,250.0,-2.0,0,5051.277066247703,False,0.625,0.9777227722772277,1.0,0.75,270.0,270.0,
3976,42410666.7,163,181.6,2.3,490.0,1510.0,1e-08,0.5,1.0,250.0,-2.0,0,5673.182528352142,False,0.95,0.9934086629001884,1.0,1.0,360.0,360.0,
3977,42421333.3,164,258.9,2.2,810.0,2730.0,1e-08,0.5,1.0,250.0,-2.0,0,5809.595510876811,False,0.85625,0.912410394265233,0.55625,0.9487179487179487,276.9230769230769,276.9230769230769,
4015,42826666.7,165,178.5,16.9,2070.0,310.0,1e-08,0.5,1.0,250.0,-2.0,0,3916.7588641630723,False,0.7222222222222222,0.8915120854412592,1.0,0.8148148148148148,186.66666666666669,186.66666666666669,
4033,43018666.7,166,163.1,-2.8,10050.0,2270.0,1e-08,0.5,1.0,250.0,-2.0,0,4621.796187630952,False,1.0,0.8312780269058296,0.03571428571428571,1.0,360.0,360.0,
4108,43818666.7,167,214.3,-4.6,7430.0,3210.0,1e-08,0.5,1.0,250.0,-2.0,0,3449.550695380487,False,0.9722222222222222,0.9557291666666666,0.25,1.0,360.0,360.0,
4162,44394666.7,168,117.3,-5.6,2630.0,5590.0,1e-08,0.5,1.0,250.0,-2.0,0,6448.457179822162,False,1.0,1.0,1.0,1.0,360.0,360.0,
4164,44416000.0,169,57.0,9.0,6650.0,5530.0,1e-08,0.5,1.0,250.0,-2.0,0,5491.029047455495,False,0.625,0.6933962264150944,1.0,0.8333333333333334,300.0,300.0,
4201,44810666.7,170,290.9,6.1,6170.0,730.0,1e-08,0.5,1.0,250.0,-2.0,0,677.2001181334805,True,0.9948979591836735,0.6653129038213033,0.673469387755102,1.0,360.0,360.0,
4206,44864000.0,171,153.7,-0.6,8310.0,1370.0,1e-08,0.5,1.0,250.0,-2.0,0,2663.268668384773,True,0.3333333333333333,0.3549618320610687,0.016666666666666666,0.43478260869565216,78.26086956521739,46.95652173913044,
4249,45322666.7,172,273.0,-5.4,7130.0,4870.0,1e-08,0.5,1.0,250.0,-2.0,0,4926.114087188806,False,0.9069767441860465,0.9439063761097659,0.0,0.926829268292683,333.6585365853659,333.6585365853659,
4249,45322666.7,173,196.9,-4.3,4790.0,2290.0,1e-08,0.5,1.0,250.0,-2.0,0,2510.019920239678,False,1.0,0.8763482280431433,0.011904761904761904,1.0,360.0,360.0,
4268,45525333.3,174,280.0,-5.7,11710.0,5170.0,1e-08,0.5,1.0,250.0,-2.0,0,7664.267740625975,False,1.0,0.9753357084132639,0.8111111111111111,1.0,360.0,360.0,
4279,45642666.7,175,299.4,-2.9,530.0,3930.0,1e-08,0.5,1.0,250.0,-2.0,0,6672.7055981812955,False,0.9705882352941176,0.944620881302104,1.0,1.0,360.0,360.0,
4301,45877333.3,176,131.7,-5.7,11630.0,3390.0,1e-08,0.5,1.0,250.0,-2.0,0,6548.1753183615965,False,1.0,0.9921397379912664,1.0,1.0,360.0,360.0,
4326,46144000.0,177,181.6,-3.7,4810.0,310.0,1e-08,0.5,1.0,250.0,-2.0,0,1192.3925528113634,False,1.0,0.9907407407407407,0.9625,1.0,360.0,360.0,
4342,46314666.7,178,53.6,-3.9,10930.0,4010.0,1e-08,0.5,1.0,250.0,-2.0,0,6320.395557241651,False,1.0,0.9840425531914894,1.0,,360.0,300.0,
4363,46538666.7,179,43.2,6.1,9470.0,3790.0,1e-08,0.5,1.0,250.0,-2.0,0,5093.544934522518,False,1.0,0.6875,1.0,,360.0,288.0,
4373,46645333.3,180,264.0,-0.9,9230.0,5850.0,1e-08,0.5,1.0,250.0,-2.0,0,6622.340975818143,False,0.7922077922077922,0.9577060931899641,0.01948051948051948,0.975,351.0,351.0,
4375,46666666.7,181,116.4,-4.7,2010.0,4910.0,1e-08,0.5,1.0,250.0,-2.0,0,6252.183618544804,False,1.0,0.9737991266375546,1.0,1.0,360.0,360.0,
4387,46794666.7,182,219.0,1.4,6290.0,1510.0,1e-08,0.5,1.0,250.0,-2.0,0,1463.2156368765336,True,1.0,0.7899500624219725,0.853448275862069,1.0,360.0,360.0,
4398,46912000.0,183,101.4,-5.6,3310.0,2810.0,1e-08,0.5,1.0,250.0,-2.0,0,3818.61231339344,False,1.0,1.0,1.0,0.9285714285714286,334.2857142857143,334.2857142857143,
4455,47520000.0,184,294.6,-1.2,11670.0,2630.0,1e-08,0.5,1.0,250.0,-2.0,0,6235.270643685004,False,0.8774509803921569,0.9624639076034649,1.0,0.9777777777777777,352.0,352.0,
4503,48032000.0,185,213.8,-0.6,4770.0,2530.0,1e-08,0.5,1.0,250.0,-2.0,0,2732.508005477752,False,0.9074074074074074,0.8831592689295039,0.4722222222222222,1.0,360.0,360.0,
4549,48522666.7,186,27.1,-4.1,850.0,1950.0,1e-08,0.5,1.0,250.0,-2.0,0,5460.201461484732,False,1.0,0.875,0.0,,360.0,360.0,
4554,48576000.0,187,263.4,-5.1,7870.0,1550.0,1e-08,0.5,1.0,250.0,-2.0,0,2394.3683927081897,False,0.9940476190476191,0.6596802074330165,0.08928571428571429,1.0,360.0,360.0,
4582,48874666.7,188,272.0,2.6,9350.0,5670.0,1e-08,0.5,1.0,250.0,-2.0,0,6527.250569726889,False,0.8546511627906976,0.9442297073440088,0.9127906976744186,0.9512195121951219,272.19512195121956,272.19512195121956,
4606,49130666.7,189,83.0,-2.4,9250.0,1750.0,1e-08,0.5,1.0,250.0,-2.0,0,3671.7570725743826,False,,,,0.0,0.0,0.0,
4641,49504000.0,190,268.0,-5.6,6390.0,4110.0,1e-08,0.5,1.0,250.0,-2.0,0,4050.802389650722,False,1.0,0.9448621553884712,1.0,1.0,360.0,360.0,
4659,49696000.0,191,211.6,-4.9,5590.0,3610.0,1e-08,0.5,1.0,250.0,-2.0,0,3551.47856533022,False,1.0,0.8896366083445492,0.49074074074074076,1.0,360.0,360.0,
4719,50336000.0,192,234.7,-5.7,1470.0,1770.0,1e-08,0.5,1.0,250.0,-2.0,0,4816.243349333587,False,1.0,0.9782135076252724,0.8863636363636364,1.0,360.0,360.0,
4720,50346666.7,193,84.9,1.6,11150.0,5430.0,1e-08,0.5,1.0,250.0,-2.0,0,7439.852149068555,False,0.9375,0.8491735537190083,1.0,1.0,360.0,360.0,
4721,50357333.3,194,88.4,13.4,9390.0,5930.0,1e-08,0.5,1.0,250.0,-2.0,0,6771.307111629187,False,0.6,0.5117647058823529,1.0,0.6666666666666666,240.0,120.0,
4732,50474666.7,195,82.4,-2.8,7470.0,4950.0,1e-08,0.5,1.0,250.0,-2.0,0,5092.838108559902,False,1.0,0.9539473684210527,0.0,0.9090909090909091,327.27272727272725,327.27272727272725,
4736,50517333.3,196,150.7,-3.7,790.0,3150.0,1e-08,0.5,1.0,250.0,-2.0,0,6030.008291868263,False,0.8269230769230769,0.9129287598944591,0.0,0.8636363636363636,310.9090909090909,310.9090909090909,
4771,50890666.7,197,196.8,-4.9,1410.0,4030.0,1e-08,0.5,1.0,250.0,-2.0,0,6040.480113368473,False,1.0,0.9470633693972179,1.0,1.0,360.0,360.0,
4783,51018666.7,198,123.6,9.5,6430.0,750.0,1e-08,0.5,1.0,250.0,-2.0,0,807.0935509592429,True,0.5,0.3798828125,0.05,0.5555555555555556,200.0,200.0,
4793,51125333.3,199,226.5,-5.4,7810.0,3410.0,1e-08,0.5,1.0,250.0,-2.0,0,3799.7105152892896,False,1.0,0.9258499413833529,0.0,1.0,360.0,360.0,
4844,51669333.3,200,295.9,-5.2,5210.0,3890.0,1e-08,0.5,1.0,250.0,-2.0,0,3887.0297143191483,False,1.0,0.9066780821917808,1.0,1.0,360.0,360.0,
4863,51872000.0,201,15.8,-6.0,90.0,270.0,1e-08,0.5,1.0,250.0,-2.0,0,5893.063719322912,False,1.0,1.0,0.0,,360.0,360.0,
4926,52544000.0,202,95.4,-1.2,7930.0,2390.0,1e-08,0.5,1.0,250.0,-2.0,0,3023.011743278547,True,1.0,0.9701986754966887,1.0,1.0,360.0,360.0,
4951,52810666.7,203,174.2,-5.8,9590.0,1290.0,1e-08,0.5,1.0,250.0,-2.0,0,3807.3875557920287,False,1.0,0.8908102766798419,0.9473684210526315,1.0,360.0,360.0,
4955,52853333.3,204,70.1,-0.2,4570.0,1490.0,1e-08,0.5,1.0,250.0,-2.0,0,1994.041122946064,False,1.0,0.8689024390243902,1.0,0.9,324.0,324.0,
4968,52992000.0,205,68.0,0.5,6890.0,1670.0,1e-08,0.5,1.0,250.0,-2.0,0,1831.9934497699494,True,1.0,0.6610169491525424,1.0,1.0,360.0,360.0,
4974,53056000.0,206,180.7,-0.0,6690.0,1670.0,1e-08,0.5,1.0,250.0,-2.0,0,1741.3213373757299,True,1.0,0.8003663003663004,1.0,1.0,360.0,360.0,
4978,53098666.7,207,252.0,18.1,10570.0,2290.0,1e-08,0.5,1.0,250.0,-2.0,0,5094.330181682377,False,0.6928571428571428,0.83435438265787,0.9928571428571429,0.7894736842105263,227.36842105263156,227.36842105263156,
4991,53237333.3,208,113.7,-5.4,8550.0,3690.0,1e-08,0.5,1.0,250.0,-2.0,0,4431.365478043986,False,1.0,0.9608294930875576,0.0,1.0,360.0,360.0,
4992,53248000.0,209,226.4,-6.0,10270.0,510.0,1e-08,0.5,1.0,250.0,-2.0,0,4311.4962600006975,False,1.0,0.958808618504436,0.75,1.0,360.0,360.0,
5012,53461333.3,210,252.9,-4.9,9770.0,2610.0,1e-08,0.5,1.0,250.0,-2.0,0,4556.862956025779,False,1.0,0.89037558685446,1.0,1.0,360.0,360.0,
5021,53557333.3,211,161.0,5.4,4590.0,2470.0,1e-08,0.5,1.0,250.0,-2.0,0,2764.8146411649373,False,0.6607142857142857,0.7841435185185185,1.0,0.7083333333333334,225.0,225.0,
5040,53760000.0,212,265.6,6.0,7190.0,1050.0,1e-08,0.5,1.0,250.0,-2.0,0,1550.8062419270823,True,0.9047619047619048,0.6179966044142614,0.30357142857142855,1.0,360.0,360.0,
5119,54602666.7,213,81.5,6.1,3910.0,3730.0,1e-08,0.5,1.0,250.0,-2.0,0,4196.117252889867,False,0.8125,0.7258771929824561,1.0,0.8181818181818182,229.0909090909091,229.0909090909091,
5127,54688000.0,214,233.2,14.2,7030.0,4970.0,1e-08,0.5,1.0,250.0,-2.0,0,5001.45978690222,False,0.7096774193548387,0.9200661521499449,1.0,0.8285714285714286,298.28571428571433,288.0,
5144,54869333.3,215,121.6,-4.2,2250.0,2170.0,1e-08,0.5,1.0,250.0,-2.0,0,4275.628608754507,False,1.0,0.9948979591836735,1.0,1.0,360.0,360.0,
5158,55018666.7,216,206.4,8.2,1010.0,5390.0,1e-08,0.5,1.0,250.0,-2.0,0,7273.03237996367,False,0.74,0.8210749646393211,0.6,0.8709677419354839,313.5483870967742,278.7096774193549,
5277,56288000.0,217,213.5,-3.8,5330.0,1730.0,1e-08,0.5,1.0,250.0,-2.0,0,1773.41478509682,False,1.0,0.9168848167539267,1.0,1.0,360.0,360.0,
5287,56394666.7,218,64.3,-1.8,8970.0,730.0,1e-08,0.5,1.0,250.0,-2.0,0,3059.836596944353,True,0.5625,0.4889705882352941,0.125,0.5555555555555556,200.0,120.0,
5319,56736000.0,219,20.3,15.4,6790.0,890.0,1e-08,0.5,1.0,250.0,-2.0,0,1145.512985522207,True,0.25,0.25,0.375,,0.0,240.0,
5327,56821333.3,220,89.7,-1.5,1710.0,1790.0,1e-08,0.5,1.0,250.0,-2.0,0,4599.673901484756,False,1.0,0.8759259259259259,1.0,1.0,360.0,360.0,
5448,58112000.0,221,34.0,-2.4,9590.0,5990.0,1e-08,0.5,1.0,250.0,-2.0,0,6925.330317031817,False,1.0,0.9318181818181818,1.0,,225.0,240.0,
5453,58165333.3,222,69.9,-6.0,930.0,630.0,1e-08,0.5,1.0,250.0,-2.0,0,5079.862202855506,False,1.0,0.9939024390243902,1.0,0.8888888888888888,320.0,320.0,
5507,58741333.3,223,269.4,4.6,7970.0,5030.0,1e-08,0.5,1.0,250.0,-2.0,0,5335.035145151342,False,0.7111111111111111,0.9071015689512799,0.9944444444444445,0.8536585365853658,307.31707317073176,289.7560975609756,
5529,58976000.0,224,237.8,14.7,6930.0,2330.0,1e-08,0.5,1.0,250.0,-2.0,0,2442.3349483639627,True,0.5757575757575758,0.8944856839872747,0.9696969696969697,0.6388888888888888,210.0,210.0,
5533,59018666.7,225,108.6,-4.7,690.0,1950.0,1e-08,0.5,1.0,250.0,-2.0,0,5610.793170310237,False,1.0,0.98625,1.0,1.0,360.0,360.0,
5549,59189333.3,226,46.7,10.2,6430.0,1590.0,1e-08,0.5,1.0,250.0,-2.0,0,1575.6268593801008,False,0.875,0.6714285714285714,1.0,,315.0,300.0,
5566,59370666.7,227,111.1,-5.1,6970.0,3330.0,1e-08,0.5,1.0,250.0,-2.0,0,3397.4402128661513,False,1.0,1.0,1.0,1.0,360.0,360.0,
5587,59594666.7,228,186.1,0.8,830.0,3110.0,1e-08,0.5,1.0,250.0,-2.0,0,5975.2322130608445,False,0.8875,0.8819204152249135,1.0,1.0,360.0,360.0,
5628,60032000.0,229,156.2,-2.7,6570.0,330.0,1e-08,0.5,1.0,250.0,-2.0,0,640.7807737440318,True,0.7166666666666667,0.5476029709655638,0.4166666666666667,0.8260869565217391,266.0869565217391,266.0869565217391,
5666,60437333.3,230,261.7,-5.4,8210.0,3710.0,1e-08,0.5,1.0,250.0,-2.0,0,4260.258208137155,False,1.0,0.9387576552930884,1.0,1.0,360.0,360.0,
5677,60554666.7,231,259.6,-1.5,3750.0,4330.0,1e-08,0.5,1.0,250.0,-2.0,0,4799.520809414206,False,0.9078947368421053,0.8999554367201426,1.0,1.0,359.99999999999994,359.99999999999994,
5682,60608000.0,232,279.9,-5.1,250.0,2350.0,1e-08,0.5,1.0,250.0,-2.0,0,6163.262123259078,False,1.0,0.8894299627613864,1.0,1.0,360.0,360.0,
5688,60672000.0,233,126.6,-11.7,3670.0,2010.0,1e-08,0.5,1.0,250.0,-2.0,0,3010.1494979485656,False,0.3055555555555556,0.849624060150376,1.0,0.3333333333333333,40.0,40.0,
5710,60906666.7,234,264.4,5.2,1230.0,4990.0,1e-08,0.5,1.0,250.0,-2.0,0,6831.588395095243,False,0.8333333333333334,0.8454623287671232,0.9880952380952381,0.925,261.0,261.0,
5716,60970666.7,235,277.1,0.4,8730.0,630.0,1e-08,0.5,1.0,250.0,-2.0,0,2804.460732476032,True,1.0,0.9701178451178452,1.0,1.0,360.0,360.0,
5755,61386666.7,236,71.7,-4.7,10710.0,290.0,1e-08,0.5,1.0,250.0,-2.0,0,4734.65943865026,False,1.0,0.9940476190476191,1.0,0.9,324.0,324.0,
5776,61610666.7,237,148.3,-5.2,4710.0,3450.0,1e-08,0.5,1.0,250.0,-2.0,0,3601.360853899537,False,1.0,1.0,1.0,1.0,360.0,360.0,
5790,61760000.0,238,11.5,-5.4,770.0,690.0,1e-08,0.5,1.0,250.0,-2.0,0,5245.588622833476,False,1.0,,0.0,,360.0,0.0,
5805,61920000.0,239,111.2,-5.3,10150.0,3490.0,1e-08,0.5,1.0,250.0,-2.0,0,5386.742986258023,False,1.0,0.9987980769230769,1.0,1.0,360.0,360.0,
5817,62048000.0,240,71.7,-0.1,9530.0,630.0,1e-08,0.5,1.0,250.0,-2.0,0,3592.3529893372115,False,1.0,0.9761904761904762,1.0,0.9,324.0,324.0,
5821,62090666.7,241,247.2,0.8,7610.0,3530.0,1e-08,0.5,1.0,250.0,-2.0,0,3815.678183495039,False,0.9027777777777778,0.9067713444553483,1.0,1.0,360.0,360.0,
5886,62784000.0,242,115.0,2.7,11470.0,5290.0,1e-08,0.5,1.0,250.0,-2.0,0,7568.632637405518,False,1.0,0.757847533632287,1.0,1.0,360.0,360.0,
5902,62954666.7,243,131.7,2.7,6050.0,1170.0,1e-08,0.5,1.0,250.0,-2.0,0,1092.245393673052,False,1.0,0.7024221453287197,1.0,1.0,360.0,360.0,
5911,63050666.7,244,247.5,1.6,7910.0,1070.0,1e-08,0.5,1.0,250.0,-2.0,0,2169.101196348386,False,1.0,0.8885896180215475,1.0,1.0,360.0,360.0,
5939,63349333.3,245,165.6,-3.1,7850.0,4530.0,1e-08,0.5,1.0,250.0,-2.0,0,4826.945203749468,False,1.0,0.8997837058399423,0.0,1.0,360.0,360.0,
5954,63509333.3,246,161.4,-3.4,7350.0,4130.0,1e-08,0.5,1.0,250.0,-2.0,0,4275.441497670153,False,1.0,0.928409090909091,0.0,1.0,360.0,360.0,
5969,63669333.3,247,89.8,-5.0,2610.0,570.0,1e-08,0.5,1.0,250.0,-2.0,0,3405.436829541843,False,,,,0.0,0.0,0.0,
5988,63872000.0,248,161.5,14.4,7810.0,1250.0,1e-08,0.5,1.0,250.0,-2.0,0,2172.0497231877544,False,,,,0.0,0.0,0.0,
5991,63904000.0,249,104.9,1.3,470.0,4650.0,1e-08,0.5,1.0,250.0,-2.0,0,7158.5613079724335,False,,,,0.0,0.0,0.0,
5999,63989333.3,250,112.8,0.6,8950.0,1130.0,1e-08,0.5,1.0,250.0,-2.0,0,3150.142853903613,False,,,,0.0,0.0,0.0,
