river,date,Q (cms),Q/Q5%,C*** (mg/L),Qs (kg/s),b (m),T (C),sigg,tau*,u* (cm/s),D50 (mm),D90 (mm),vs50/u*,h (m),So,Cm*,C (ppm),Rib,Kred,C5t,Um,Cave**,qs,D50s,625-125,125-25,25-50,scaled effect
atchafalaya,4/12/1962,14184.6634065279,1.08578256326759,371,5262.51012382184,503.200243828101,15,1.41754146564749,2.27510231769449,8.42922225769092,0.192939489929168,0.372138882940213,0.22777902175354,14.7211216092655,4.92E-05,0.000185345024964,491.164316153719,1.41583778415916,0.523273952557176,0.00244425,1.30446832038449,,0.474959527161847,0.853218584252896,,,,0.527598319222084
atchafalaya,6/5/1961,13844.910989605,1.05977579528514,268,3710.43614521415,483.693995733008,21.1111111111111,1.34030208057917,2.4059778279762,8.37159749513452,0.179958392994578,0.270944906000381,0.229705262480384,14.2029868942396,5.03E-05,0.000138792360473,367.799755254175,1.04580921924644,0.600802347117806,0.000976185,1.14375727495325,,0.663071412964088,0.896717327145955,,,,0.604300592767769
atchafalaya,5/24/1961,12570.8394261445,0.962250415350922,248,3117.56817768382,476.074367570863,21.1111111111111,1.39235644286161,2.19115241772441,8.04916487383057,0.182673734174958,0.31694004940084,0.244870123906657,14.2029868942396,4.65E-05,0.000128589708025,340.762726265467,1.11730824228527,0.608289617190829,0.000908783,1.14637174763389,,0.679063365523039,0.923446640698972,,,,0.605953382835863
atchafalaya,4/20/1965,12146.1489049909,0.929741955372851,184,2234.89139851833,457.177689728741,16.6666666666667,1.51961774550168,1.85119658761615,8.25211646122416,0.227261152276842,0.440795627498011,0.304164393679395,13.7458092045108,5.05E-05,7.35573709637103E-05,194.927033053832,0.731016429321089,0.749779012482136,0.000238478,1.04010456817619,,0.896684596664396,0.99054904412591,,,,0.744336854074753
atchafalaya,5/18/1961,11778.0837866579,0.901567956725189,201,2367.39484111823,469.67387991466,20.5555555555556,1.73855795231682,1.35716186974747,7.96655545332595,0.288906003104545,0.721670288514978,0.468081848152226,14.538250533374,4.45E-05,0.000105096591944,278.505968652841,1.8240400345299,0.63219444902125,0.000878555,1.15365839558743,,0.662335179898509,0.866936592463657,,,,0.625677481830535
atchafalaya,4/21/1961,11636.5202796067,0.890731803399165,179,2082.9371300496,468.759524535203,16.1111111111111,1.79747759445164,1.48481446504445,8.02479736518061,0.267943365634073,0.680395000087188,0.391660979956627,14.7516001219141,4.45E-05,8.8127860035693E-05,233.538829094586,1.27981578961908,0.6668927355805,0.000599364,1.0584451633632,,0.73494698164517,0.909720429239984,,,,0.65922046706442
atchafalaya,4/13/1965,11240.1424598634,0.860390574086298,223,2506.55176854954,454.129838463883,15,1.43438939540118,1.94451018408501,7.86576593200202,0.19657073592526,0.384650908682628,0.2517237376648,13.1667174641877,4.79E-05,9.01215536639882E-05,238.822117209569,0.781450138800745,0.692820041168092,0.000324942,1.0584451633632,,0.84840735853331,0.981408028321456,,,,0.682480121700283
atchafalaya,4/7/1965,10220.8852090949,0.782370270138926,273,2790.30166208291,451.081987199025,12.2222222222222,1.41046342322062,1.7903986737524,7.58190112218817,0.198359741502321,0.385931068446661,0.24980542076146,13.2276744894849,4.43E-05,0.000111644270293,295.85731627756,1.03876788852864,0.626087999259666,0.000487733,1.09993805063498,,0.770406893021682,0.938640524459187,,,,0.610909126629986
atchafalaya,3/18/1964,9173.31525691622,0.702182735526349,302,2770.3412075887,417.555623285584,11.6666666666667,1.51441737719545,1.74867053063257,7.3894193573988,0.192912196122876,0.38679193795665,0.244268177606229,13.3800670527278,4.16E-05,4.1783403760731E-05,110.726019965937,0.404819404323351,0.78454387998082,0.000345615,1.06515401495883,,0.805376350491683,0.929957208119001,,,,0.757290055201017
atchafalaya,5/18/1965,8663.68663153199,0.663172583552663,114,987.660275994646,435.842730874733,22.2222222222222,1.71612066192269,1.1358392732459,7.25313939532965,0.286142400112816,0.61333060253388,0.518396213703144,12.9533678756477,4.14E-05,4.70973486554018E-05,124.807973936815,0.973065070299234,0.752575717556184,0.000328693,1.07006592998083,,0.805833652685135,0.941520817879648,,,,0.722292088168556
atchafalaya,3/12/1965,8522.12312448081,0.652336430226639,144,1227.18572992524,435.842730874733,7.77777777777778,1.37707324372336,1.7081198781624,6.90792847166084,0.172593472095921,0.248,0.203823766528011,12.8009753124048,3.8E-05,5.82587851414808E-05,154.385780624924,0.515604375906751,0.727786654507103,0.000223377,,,0.867600933193382,0.980829151678563,,,,0.697350715593764
atchafalaya,3/18/1963,8663.68663153199,0.663172583552663,114,987.660275994646,435.842730874733,22.2222222222222,1.71612066192269,1.1358392732459,7.25313939532965,0.286142400112816,0.373,0.518396213703144,12.9533678756477,4.14E-05,4.70973486554018E-05,124.807973936815,0.973065070299234,0.752575717556184,0.000328693,,,0.805833652685135,0.941520817879648,,,,0.722292088168556
atchafalaya,2/19/1965,8437.1850202501,0.645834738231024,318,2683.02483643953,408.412069491009,8.88888888888889,1.64812483295827,1.90844997534825,6.63121997295954,0.142348579344586,0.288,0.158492706362587,11.6427918317586,3.85E-05,0.000130199056152,345.027498802895,0.884382890373884,0.577642340318379,0.000555101,,,0.738993293817609,0.963973226360625,,,,0.552931279716895
atchafalaya,4/24/1964,8352.2469160194,0.63933304623541,110,918.747160762134,414.507772020725,17.7777777777778,1.501878058355,1.40743740344756,7.09371026956987,0.220884302388179,0.426,0.346645113284152,12.0694910088388,4.25E-05,4.62451108774947E-05,122.549543825361,0.622366089489319,0.760971834565174,0.000253242,,,0.84266720427097,0.957158712521775,,,,0.727681439966806
atchafalaya,6/23/1961,8040.80720050681,0.615493508918157,175,1407.14126008869,406.278573605608,25.5555555555556,1.61386047506971,1.61311497908285,7.07002502725488,0.19143600683134,0.5,0.318244983762613,13.6238951539165,3.74E-05,8.89983842079749E-05,235.845718151134,1.24955688252202,0.631105222046745,0.001500539,,,0.52446223861597,0.784465366491932,,,,0.601207128619927
atchafalaya,3/26/1965,7984.18179768634,0.611159047587748,177,1413.20017819048,438.890582139592,8.33333333333333,1.38188545577446,1.43285457417683,6.60422442455765,0.18805660002659,0.347,0.245297539250191,11.8561414202987,3.75E-05,7.48708413409925E-05,198.40772955363,0.808087858271625,0.663119545382374,0.000466898,,,0.745451406932962,0.928547208465711,,,,0.631258520956017
atchafalaya,1/22/1965,6851.67374127693,0.524469820979557,139,952.382650037493,402.316366961292,7.22222222222222,1.21908939111081,1.30359934503643,6.02219242343539,0.17187478626349,0.233,0.228820320426412,11.0027430661384,3.36E-05,5.63362165848874E-05,149.290973949952,0.633033850161709,0.713245577862623,0.000211222,,,0.858246011456388,0.984364499448787,,,,0.668668920808306
atchafalaya,7/14/1960,6596.85942858481,0.504964744992714,134,883.979163430365,393.172813166717,28.8888888888889,1.69784364110062,1.48375492717989,6.56902125370566,0.17967440207257,0.429,0.329425026411547,12.8619323377019,3.42E-05,6.40900401118675E-05,169.838606296449,1.01860304702745,0.674303262289664,0.001307371,,,0.528848942081805,0.789979326039613,,,,0.629769127140042
atchafalaya,6/18/1965,5492.66407358564,0.420442749049727,98,538.281079211393,408.412069491009,33.8888888888889,1.76380713724872,2.01438802192139,6.31973484102261,0.122490281227976,0.234,0.204755426066359,11.246571167327,3.62E-05,4.43698147204171E-05,117.580009009105,0.414093495137604,0.738106310468565,0.000592849,,,0.683791216371275,0.943792642609266,,,,0.676845592276062
atchafalaya,6/4/1965,5379.4132679447,0.411773826388908,57,306.626556272848,405.364218226151,25.5555555555556,1.59170036830002,0.987026517060434,6.0772002348368,0.231166724795373,0.481,0.484598151483992,10.880829015544,3.46E-05,2.71415882175103E-05,71.9252087764023,0.627227160104034,0.811030085315267,0.000418186,,,0.723031733911203,0.89187491033232,,,,0.742169048547196
atchafalaya,12/14/1964,4983.0354482014,0.381432597076041,215,1071.3526213633,387.077110637001,7.77777777777778,1.83073505582698,1.55699703093808,4.58898681628091,0.101178818217771,0.218,0.114462352929519,7.77777777777778,2.76E-05,8.77568464782548E-05,232.555643167375,0.600507643855066,0.597084276225262,0.000316653,,,0.782885103108186,0.993555119805506,,,,0.542222350115323
atchafalaya,2/5/1965,4614.97032986835,0.353258598428379,196,904.534184654196,390.124961901859,5,1.26981255257245,0.889083375899932,4.95963250523828,0.170924199220364,0.235,0.262317822666479,9.05211825662908,2.77E-05,0.000100222531388,265.589708179353,1.56602013560636,0.557407055871604,0.003108853,,,0.319721439338986,0.834734134307429,,,,0.502321464277277
atchafalaya,1/8/1965,3624.02578051011,0.277405525146212,126,456.627248344274,368.790003047851,9.44444444444444,1.38708262032169,0.765111660624244,4.33239661958241,0.151557922730451,0.228,0.273751483102744,8.10728436452301,2.36E-05,5.45865835445393E-05,144.654446393029,1.04475470485884,0.633547380486977,0.000411063,,,0.686563847044818,0.967853849045342,,,,0.55730201109515
atchafalaya,7/16/1965,3624.02578051011,0.277405525146212,43,155.833108561935,390.124961901859,33.8888888888889,1.76380713724872,1.61227347757626,5.65388078010561,0.122490281227976,0.234,0.228869346618205,10.0883876866809,3.23E-05,1.97334896396334E-05,52.2937475450285,0.23071346602254,0.832937105292351,0.00027465,,,0.784451378901633,0.962936835688629,,,,0.732695830165684
atchafalaya,12/31/1964,3539.08767627941,0.270903833150598,159,562.714940528425,365.742151782993,9.44444444444444,1.58299062851748,0.923305420691938,4.29503721892815,0.123434205584186,0.242,0.195341729823095,8.32063395306309,2.26E-05,6.65972374601066E-05,176.482679269283,0.949788154220331,0.58808292367325,0.000406551,,,0.692896680042259,0.984247204166537,,,,0.516083630303331
atchafalaya,5/12/1964,3482.46227345893,0.266569371820188,32,111.438792750686,350.502895458702,22.2222222222222,1.48209606880228,0.6487623403339,4.23852180043088,0.171076461602777,0.315,0.427979395980833,9.29594635781774,1.97E-05,1.20779279629069E-05,32.0065091017033,0.432945285204929,0.83587963856608,0.000132125,,,0.835332171092886,0.984662635863649,,,,0.732360261558645
atchafalaya,10/26/1961,3397.52416922823,0.260067679824574,42,142.696015107586,373.056994818653,18.8888888888889,1.62264095025721,0.739509895431453,5.47882502192279,0.250771351056829,0.463,0.547197617738092,10.5150868637611,2.91E-05,2.48726501589183E-05,65.9125229211336,0.7717154848027,0.818084833082384,0.001511904,,,0.397897616451463,0.677699816780472,,,,0.715001543667946
atchafalaya,10/7/1964,3284.27336358729,0.251398757163754,155,509.06237135603,350.502895458702,21.1111111111111,1.70639975520368,0.812030981169609,3.43547630021318,0.089794216035815,0.198,0.185418248980636,7.86345626333435,1.53E-05,5.84998890011815E-05,155.024705853131,1.16976879240948,0.511498463674209,0.000551319,,,0.496048303581766,0.99466036308267,,,,0.445533789006774
atchafalaya,7/30/1965,3086.08445371564,0.236228142507321,36,111.099040333763,374.885705577568,27.2222222222222,1.76380713724872,1.2428378088207,4.96403140013661,0.122490281227976,0.198,0.235896976793453,9.47881743370924,2.65E-05,1.35898653836823E-05,36.0131432667581,0.199606923110079,0.855941144816241,0.000215783,,,0.788443941276075,0.958729530634293,,,,0.740929807571108
atchafalaya,11/2/1962,2766.15092777998,0.211738435990507,26,71.9199241222796,349.283754952758,17.2222222222222,1.60746099598306,0.818936831904645,5.1513429360215,0.200187782959478,0.434,0.408631307630577,10.4846083511125,2.58E-05,1.44742577005689E-05,38.3567829065077,0.378261531179184,0.860109159965772,0.000365467,,,0.699501640935412,0.759420571862338,,,,0.736433511506662
atchafalaya,5/19/1964,2729.34441594668,0.208921036125741,41,111.903121053814,344.407192928985,25,1.48819004423008,0.556412440208737,3.91642731656509,0.170306160952785,0.315,0.480029334911508,8.22919841511734,1.9E-05,1.54766282117752E-05,41.0130647612044,0.645170455412231,0.80485258982853,0.000273294,,,0.667856393612996,0.897432554596566,,,,0.688199833085857
atchafalaya,9/14/1962,2553.80566720322,0.195484206001471,9,22.984251004829,348.064614446815,28.8888888888889,1.72128688607623,1.03007402266096,5.08409769528384,0.155026659191159,0.373,0.341456853122701,9.90551661078939,2.66E-05,3.39680934423663E-06,9.00154476222707,0.071946440541818,0.94881042725735,1.25457E-05,,,0.982523114435501,0.999801537523831,,,,0.805917555708376
atchafalaya,8/25/1960,2500.01153452377,0.191366467737582,20,50.0002306904755,329.167936604694,28.8888888888889,1.71085965465774,0.641244449634158,4.37924509073959,0.184765947271516,0.463,0.514015533124646,10.4541298384639,1.87E-05,7.54694048063403E-06,19.9993922736802,0.342286291289389,0.88505345440661,0.000203266,,,0.698941281588169,0.93412715978467,,,,0.750163769962901
atchafalaya,7/23/1959,2420.73597057511,0.185298221875009,38,91.9879668818543,334.958854007924,29.4444444444444,1.59728645461446,0.473498012563236,4.01630894977044,0.210466565442305,0.43,0.675495843056364,9.90551661078939,1.66E-05,1.4341955931352E-05,38.0061832180828,0.962957057911305,0.778183536845546,0.000252443,,,0.702185393520279,0.971995930702747,,,,0.657459740324746
atchafalaya,11/18/1960,2415.07343029307,0.184864775741968,35,84.5275700602573,327.339225845779,14.4444444444444,1.66309025783905,0.569487385756064,4.40470603254753,0.210473197020033,0.46,0.488795389315636,10.5760438890582,1.87E-05,1.32073652988761E-05,34.9995180420216,0.569620523214525,0.815371770695455,0.000111361,,,0.845525628155862,0.983932061036495,,,,0.688717452383586
atchafalaya,7/30/1963,2358.4480274726,0.180530314411558,15,35.3767204120889,338.311490399268,29.4444444444444,1.70249177750194,0.541963391955998,4.60602139591912,0.241840481164927,0.51,0.716019253171943,8.89972569338616,2.43E-05,7.07986971311882E-06,18.7616547397649,0.344213291789889,0.906951962581837,0.000124254,,,0.859958988901736,0.980121500703428,,,,0.764256777493481
atchafalaya,2/9/1961,2327.30405592134,0.178146360679833,135,314.186047549381,334.349283754953,5.55555555555556,1.47968786770892,0.711078116121448,4.04272450914886,0.141996627598433,0.232,0.241421347853723,9.20451081987199,1.81E-05,5.09548539510414E-05,135.03036297026,1.12141561927666,0.589371648473142,0.000273572,,,0.709137435925409,0.98484949266869,,,,0.495983165308851
atchafalaya,8/11/1960,2287.66627394701,0.175112237748546,20,45.7533254789402,327.94879609875,30.5555555555556,1.66282302097054,0.585231687968313,4.42417866992091,0.206625791485586,0.464,0.610282766913722,10.1798232246266,1.96E-05,7.5472147021583E-06,20.0001189607195,0.387744534031959,0.878305737876924,0.000115777,,,0.830607307380852,0.978040512308299,,,,0.737865780359803
atchafalaya,9/8/1960,2287.66627394701,0.175112237748546,12,27.4519952873641,327.644010972265,28.8888888888889,1.70839705624182,0.526274931262278,4.18738777729503,0.205835712601768,0.477,0.626643659378271,9.87503809814081,1.81E-05,4.53017195207404E-06,12.0049556729962,0.258785957123745,0.914840524490279,6.2826E-05,,,0.885077621683263,0.983759182479908,,,,0.768558701596894
atchafalaya,2/8/1963,2282.00373366496,0.174678791615505,8,18.2560298693197,333.739713501981,5.55555555555556,1.66822501389881,0.682187801581899,4.62021564034006,0.193315906779239,0.431,0.345221981864596,9.93599512343798,2.19E-05,3.01896344348433E-06,8.00025312523348,0.078522862839046,0.95042433127738,2.44471E-05,,,0.965475992955054,0.981526833662181,,,,0.798254846164964
atchafalaya,9/17/1959,2279.17246352394,0.174462068548985,8,18.2333797081915,330.996647363609,25,1.59462593925015,0.440440499039272,3.82371767055819,0.205083839001909,0.435,0.645706668933946,9.93599512343798,1.5E-05,3.0204042306139E-06,8.00407121112684,0.214532467004207,0.930039462758452,4.90758E-05,,,0.894410255094576,0.984732032825226,,,,0.781036766567621
atchafalaya,11/3/1960,2177.24673844709,0.166660038154248,17,37.0131945536005,322.462663822005,18.8888888888889,1.65312220477057,0.461812976707766,4.16892496760894,0.232503274491192,0.412,0.647648979287955,10.2407802499238,1.73E-05,5.28266287641263E-06,13.9990566224935,0.326310029637062,0.901156920795616,4.60082E-05,,,0.921083712356634,0.990791986592164,,,,0.753327063864328
atchafalaya,12/2/1960,2154.5965773189,0.164926253622084,14,30.1643520824646,321.853093569034,13.3333333333333,1.59610557026561,0.571821652855434,4.18131407357732,0.188891333376484,0.412,0.430964995283959,10.301737275221,1.73E-05,5.28266287641263E-06,13.9990566224935,0.217136450270107,0.901156920795616,4.60082E-05,,,0.921083712356634,0.990791986592164,,,,0.752539675458717
atchafalaya,9/3/1959,2143.27149675481,0.164059361356002,18,38.5788869415865,328.253581225236,27.7777777777778,1.66283943097908,0.421436775858927,3.80608321375818,0.212359246649385,0.469,0.707288792391347,9.84455958549223,1.5E-05,6.79389438969069E-06,18.0038201326803,0.528576989437054,0.857749977895275,7.99923E-05,,,0.847270665542329,0.990051224098413,,,,0.715913937169236
atchafalaya,9/22/1960,2044.17704181898,0.156474054027785,9,18.3975933763709,321.548308442548,28.3333333333333,1.55660442474959,0.742020427071159,4.6902557428409,0.183157300952409,0.384,0.468631162246318,9.96647363608656,2.25E-05,3.39711431497742E-06,9.00235293469016,0.116746199512175,0.939820863114526,1.76265E-05,,,0.971209889408245,0.999060826837462,,,,0.780709232340658
atchafalaya,10/2/1964,1769.5438381397,0.135451916575299,41,72.5512973637278,323.072234074977,23.8888888888889,1.63673864228514,0.530293608185236,3.27192415196355,0.124720289716036,0.228,0.351780770745942,7.04053642182262,1.55E-05,1.54703862880555E-05,40.9965236633471,0.579329308390121,0.752336109603225,0.000204758,,,0.721721750679226,0.988133920101819,,,,0.616013773134953
atchafalaya,6/2/1964,1707.25589503719,0.130684009111848,12,20.4870707404462,323.072234074977,26.6666666666667,1.73666165681725,0.450511500126319,3.17028237516968,0.137827874692176,0.281,0.444124476427638,7.5891496494971,1.35E-05,4.5296707756106E-06,12.0036275553681,0.245879047529821,0.898480164198441,0.000101886,,,0.776443707182853,0.963238180596814,,,,0.733045173346876
atchafalaya,9/25/1964,1449.61031220404,0.110962210058485,34,49.2867506149375,316.976531545261,25.5555555555556,1.7278054281628,0.514713380469222,3.03818189429105,0.110792186332527,0.226,0.322561332434206,6.91862237122828,1.36E-05,1.28375705711565E-05,34.0195620135648,0.502389072299497,0.75259627153992,0.000131991,,,0.753608540594138,0.996679944316026,,,,0.604059296110882
midloupe,5/22/1952,12.8539664402468,0.859222355631471,,,43.5842730874733,18.8888888888889,1.83808015492438,0.92825073760769,,0.348685916587601,0.917004043204671,0.645056184404706,0.402827894446303,0.001325757575758,0.000202372172276,536.286256531289,0.162468123167732,0.940631606692512,0.001625948,,,0.957412701942055,0.990435371908207,,,,
midloupe,11/8/1950,12.5425267247342,0.838404192829827,,,45.1081987199025,2.77777777777778,1.85042574876771,0.985566960227088,,0.204346708293173,0.452861832131953,0.286886776353886,0.247123075529049,0.001344696969697,0.000721722256414,1912.56397949731,0.254062254011061,0.86361161450615,0.01279632,,,0.729945460810202,0.932868217468799,,,,
midloupe,9/21/1951,12.514214023324,0.836511632575132,,,43.5842730874733,12.7777777777778,2.12550793880614,0.723799726984259,,0.380152757959656,2,0.715798007606336,0.347412416903426,0.001306818181818,0.000222381234893,589.310272466356,0.200982108821383,0.938704346851537,0.001968391,,,0.950226044758891,0.987628130248123,,,,
midloupe,3/1/1950,12.2310870092216,0.817586030028184,,,43.8890582139592,3.88888888888889,1.65397490915282,0.609021655889247,,0.27365588410868,0.5,0.502895713151004,0.296318872972332,0.00092803030303,0.000745562760796,1975.7413161092,0.666628578675993,0.807135157019851,0.013847785,,,0.661501611162188,0.93057196408715,,,,
midloupe,10/31/1951,12.0895235021705,0.808123228754709,,,46.3273392258458,3.88888888888889,1.89952562522765,0.714685695825772,,0.348871882052967,0.911722488558217,0.579584522485249,0.314810953014967,0.001306818181818,0.000481721809199,1276.5627943771,0.352518459917099,0.884445309849287,0.005700437,,,0.857169550628646,0.9728480485818,,,,
midloupe,4/26/1951,11.7780837866579,0.787305065953066,,,44.4986284669308,8.88888888888889,2.04406055952474,0.724851145357881,,0.353553390593274,1.4142135623731,0.635186246260057,0.323573250721255,0.001306818181818,0.000302704845471,802.167840499361,0.242766766924061,0.919113327016878,0.002339273,,,0.939149926955791,0.990060967132807,,,,
midloupe,4/25/1950,11.7214583838374,0.783519945443676,,,44.193843340445,10.5555555555556,1.90807553485141,0.56873786796897,,0.329876977693224,0.911722488558217,0.694282811733884,0.30268316009627,0.001022727272727,0.000576777350417,1528.45997860631,0.646053848955519,0.85110896661941,0.013397966,,,0.668862807126132,0.928407663829976,,,,
midloupe,3/21/1950,11.6082075781965,0.775949704424896,,,42.9747028345017,4.44444444444444,1.79344569590963,0.900218012780039,,0.282785054209273,0.629960524947437,0.430585585839057,0.291815546635367,0.001439393939394,0.000482533700698,1278.71430685072,0.238172388636112,0.895573027475587,0.003323243,,,0.927170316768413,0.985880708306899,,,,
midloupe,12/5/1951,11.2967678626839,0.755131541623253,,,37.4885705577568,1.11111111111111,1.89319904905919,0.667963703337386,,0.34848456586225,0.921689640940865,0.567751251969255,0.327086477204303,0.001174242424242,0.000544332063144,1442.47996733277,0.434258366525522,0.861459729803218,0.004309794,,,0.884560460467955,0.984413926118358,,,,
midloupe,3/14/1951,11.1835170570429,0.747561300604473,,,43.2794879609875,0,1.72711757404993,1.02957728269786,,0.287988205490624,0.552044756836906,0.375445626654241,0.311224248876373,0.00157196969697,0.000672352439584,1781.73396489853,0.264962131759368,0.873190093244079,0.00323172,,,0.933822687939615,0.990053299649568,,,,
midloupe,6/3/1952,11.1552043556327,0.745668740349778,,,45.4129838463883,23.3333333333333,1.88128800202157,0.845216320220801,,0.346130446461451,0.917004043204671,0.710605467906074,0.364105721573673,0.001325757575758,0.000148001840302,392.204876800351,0.07932892023542,0.954488905298026,0.002046853,,,0.940405910930973,0.988956778004835,,,,
midloupe,4/12/1950,10.9287027443508,0.730528258312219,,,44.193843340445,6.11111111111111,2.0110963923595,0.840229127433533,,0.301508435340888,0.911722488558217,0.488786566921507,0.315294958433615,0.001325757575758,0.000502542167556,1331.73674402354,0.185279620727531,0.882020140917568,0.005900205,,,0.856525758039342,0.968708774499115,,,,
midloupe,8/13/1952,10.9287027443508,0.730528258312219,,,45.1081987199025,26.1111111111111,1.99415683758318,0.805156573033221,,0.328815186481603,1.14869835499704,0.724842477145272,0.329497434038732,0.001325757575758,0.000180158294977,477.419481688515,0.098499444541835,0.948702804355749,0.003417089,,,0.895295814762746,0.974103449913206,,,,
midloupe,8/30/1951,10.7022011330689,0.715387776274661,,,44.4986284669308,24.4444444444444,2.2364231644672,0.752633308049386,,0.385552706351985,2.43802730840895,0.8290699199126,0.361149499192111,0.001325757575758,0.000234764762208,622.126619852436,0.146811457963009,0.934522071174725,0.005305506,,,0.843009237303243,0.966574154120249,,,,
midloupe,7/18/1950,10.6738884316587,0.713495216019966,,,44.8034135934166,20,1.75680940247941,0.872978890859437,,0.319290420989022,0.726211428057163,0.627667021035384,0.379426381951744,0.001212121212121,0.000244987128089,649.21588943497,0.126860531225528,0.924522093626841,0.004705111,,,0.854511349513682,0.964846930748498,,,,
midloupe,2/20/1951,10.588950327428,0.707817535255881,,,44.193843340445,7.22222222222222,1.95825233321768,0.858434948720083,,0.328925630083409,0.861972821246978,0.532060978960087,0.296377260927598,0.00157196969697,0.000400143014852,1060.37898935776,0.135435488748033,0.914151859482312,0.004031078,,,0.912576914222617,0.979644149228627,,,,
midloupe,7/6/1950,10.4473868203768,0.698354733982407,,,43.2794879609875,21.6666666666667,2.08538121532476,0.641988245838837,,0.420448207626857,2.51984209978975,0.923611648270552,0.356298105610193,0.00125,0.000212388053987,562.828343065068,0.156931264492592,0.936988205894052,0.003669389,,,0.889169880868172,0.973144748066366,,,,
midloupe,7/26/1951,10.3907614175563,0.694569613473017,,,44.8034135934166,31.1111111111111,2.0983625850083,0.771015233072814,,0.377813113159444,2,0.86650385056139,0.373206277329585,0.001287878787879,0.000154555045249,409.570869908885,0.103986914833974,0.953728239314691,0.004442627,,,0.851509877933163,0.964992970808922,,,,
midloupe,9/24/1952,10.3624487161461,0.692677053218322,,,45.1081987199025,18.3333333333333,1.68573530440236,0.874644940446325,,0.300232267326153,0.545253866332629,0.581784022117382,0.331556793001474,0.001306818181818,0.000432173003604,1145.25845955035,0.192399640428489,0.901684366200401,0.016324972,,,0.617504149167935,0.8657235632378,,,,
midloupe,5/6/1952,10.3624487161461,0.692677053218322,,,43.2794879609875,18.3333333333333,1.97456700206596,0.838637362434459,,0.345478219991944,1.31950791077289,0.666164315432447,0.360590853870556,0.001325757575758,0.000256962974325,680.951881961587,0.129118299614443,0.927167699953982,0.003305622,,,0.910461013812566,0.979700570542175,,,,
midloupe,6/6/1950,10.3058233133256,0.688891932708932,,,43.8890582139592,24.4444444444444,2.05311233153351,0.912274307341484,,0.311689577321223,1,0.639866610026673,0.321717633512818,0.001458333333333,0.000207922360394,550.994255044741,0.091229194898885,0.948334794376166,0.004198781,,,0.883310641455945,0.972939724279449,,,,
midloupe,3/30/1951,10.2208852090949,0.683214251944848,,,44.193843340445,10,1.97819102203112,0.714274803261318,,0.3789291416276,1.31950791077289,0.688932541060173,0.332110689550074,0.001344696969697,0.000302704845471,802.167840499361,0.155085660993847,0.919113327016878,0.002339273,,,0.939149926955791,0.990060967132807,,,,
midloupe,8/16/1951,9.7961946879414,0.654825848124425,,,43.2794879609875,25.5555555555556,2.32154360634695,0.695567359882879,,0.412430297167651,2.82842712474619,0.915134130832136,0.352005357349829,0.001344696969697,8.35917907853682E-05,221.518245581226,0.056888431021235,0.971639398441443,0.001508074,,,0.94493152840495,0.996125438977432,,,,
midloupe,9/11/1952,9.45644227101857,0.632115125068086,,,45.4129838463883,20,2.07888948335349,0.702459777481056,,0.345478219991944,1.34590019263236,0.744948638202145,0.310921739770777,0.001287878787879,0.000180158294977,477.419481688515,0.104209089991175,0.948702804355749,0.003417089,,,0.895295814762746,0.974103449913206,,,,
midloupe,7/18/1952,9.34319146537763,0.624544884049307,,,44.8034135934166,30.5555555555556,1.91419541401089,1.01818208103322,,0.282241101201533,0.77720314088546,0.600859074484029,0.33381228138924,0.001420454545455,0.000182598344771,483.885613644087,0.077239974198908,0.951078305799722,0.005063469,,,0.850273276546995,0.963050429007608,,,,
midloupe,6/18/1952,9.3148787639674,0.622652323794612,,,45.7177689728741,22.2222222222222,1.92561357441014,0.815052666765495,,0.304753413551119,0.852180396428575,0.645818236682252,0.304785126485827,0.001344696969697,0.000231642228485,613.851905485444,0.111250920402602,0.94099497204231,0.006291532,,,0.816640583020064,0.948297976425655,,,,
mississippi,5/13/1964,28822.3300356195,0.991582133686071,58,1671.69514206593,1109.41786040841,21.1111111111111,1.6528200138079,1.27220393051368,7.83888345836439,0.298399939651802,0.48785996668916,0.499050664648642,16.3974398049375,3.82E-05,2.44622695559541E-05,64.8250143232784,0.319578845044846,0.815444931401757,0.000191812,,,0.844904523445571,0.951396026015868,,,,
mississippi,4/1/1964,26557.3139228007,0.913658193907205,76,2018.35585813285,1097.22645534898,10.5555555555556,1.47755425032769,1.03049477581101,7.32361763000299,0.321553008252215,0.47361533835518,0.505214797785461,15.6659555013715,3.49E-05,3.01878472811111E-05,79.9977952949444,0.437001351280943,0.803183345205148,9.45427E-05,,,0.920086518763017,0.977490373100236,,,,
mississippi,4/23/1965,26302.4996101085,0.904891750682083,93,2446.13246374009,1103.3221578787,17.2222222222222,1.59565596868777,1.61708264133087,7.20250604055621,0.198190163341136,0.420448207626857,0.287955329481381,14.8125571472112,3.57E-05,3.78371762814593E-05,100.268517145867,0.305193741254137,0.779287510083729,0.000175741,,,0.8813791623362,0.984697045482379,,,,
mississippi,3/25/1964,26075.9979988267,0.897099356704196,171,4458.99565779937,1097.22645534898,11.1111111111111,1.53998907733591,1.23603171109183,7.51149780054276,0.282013906340208,0.454485561778717,0.413499422149278,15.0563852483999,3.82E-05,6.78751734037226E-05,179.869209519865,0.734721072793752,0.710473037992613,0.000222873,,,0.87114252310037,0.985542814212933,,,,
mississippi,4/26/1964,26019.3725960062,0.895151258209724,102,2653.97600479263,1103.3221578787,17.7777777777778,1.46480476165119,1.78801982727273,7.15788716551083,0.177028999183493,0.306933920978765,0.24755908538739,14.9649497104541,3.49E-05,4.16575385121999E-05,110.39247705733,0.295492897810034,0.763544922650197,0.000192394,,,0.872151283861244,0.985180098521433,,,,
mississippi,4/19/1965,25962.7471931857,0.893203159715253,128,3323.23164072777,1103.3221578787,16.6666666666667,1.69206606308837,1.49396531207856,7.12134845231825,0.209715730612257,0.456734207764383,0.314828015369779,14.8125571472112,3.49E-05,5.19865228488628E-05,137.764285549486,0.468963146546795,0.726856935199177,0.000234077,,,0.848258291749453,0.981895400314914,,,,
mississippi,4/16/1965,24462.1740184433,0.841578549611754,95,2323.90653175211,1103.3221578787,15,1.59565596868777,1.60909518398962,7.18469590359013,0.198190163341136,0.420448207626857,0.277673547603193,14.4163364827796,3.65E-05,3.85209397359856E-05,102.080490300362,0.293047835438354,0.781768227285334,0.000169691,,,0.887678141369931,0.985481322133546,,,,
mississippi,5/3/1965,24292.2978099818,0.835734254128339,152,3692.42926711723,1103.3221578787,17.7777777777778,1.55190552837933,1.6306795734683,7.19228670962024,0.195980292014119,0.406019176072964,0.286974099244297,14.4468149954282,3.65E-05,6.29024194132561E-05,166.691411445129,0.494557949353593,0.687599083660194,0.000358467,,,0.78060283285883,0.941854013787971,,,,
mississippi,5/20/1964,22848.3500380598,0.786057742519312,56,1279.50760213135,1100.27430661384,26.1111111111111,1.63721312119522,1.34398171524534,7.93157465841582,0.289182841803785,0.289182841803785,0.505826418180791,15.4526059128315,4.15E-05,2.37389986137451E-05,62.9083463264245,0.289344882891312,0.832610128485242,0.000170663,,,0.866285248986816,0.987494602223392,,,,
mississippi,4/9/1965,22055.5943985733,0.758784363596709,166,3661.22867016317,1103.3221578787,11.6666666666667,1.59565596868777,1.47350413451422,6.87532453585512,0.198190163341136,0.420448207626857,0.272859846864912,13.806766229808,3.49E-05,6.70688192459794E-05,177.732371001845,0.524366411142361,0.682839001415773,0.000289727,,,0.821270527608378,0.976111646443801,,,,
mississippi,4/22/1964,22027.281697163,0.757810314349473,40,881.09126788652,1097.22645534898,16.6666666666667,1.58000731117135,1.7366810020823,7.2376643629883,0.186347630026686,0.389219382842313,0.258785142010463,14.6296860713197,3.65E-05,1.62599287695318E-05,43.0888112392593,0.115282958238447,0.877273727188025,7.42989E-05,,,0.941840782600243,0.992169341985978,,,,
mississippi,5/10/1965,21206.2133562662,0.729562886179634,108,2290.27104247675,1100.27430661384,18.8888888888889,1.58000731117135,1.64338396103436,7.04057184718582,0.186347630026686,0.389219382842313,0.276398003207344,13.2276744894849,3.82E-05,4.35759589670955E-05,115.476291262803,0.315296022155768,0.758645696726802,0.000175667,,,0.87698795408206,0.98617505757798,,,,
mississippi,4/5/1965,21008.0244463946,0.722744541448983,190,3991.52464481497,1100.27430661384,10,1.55785440370062,1.32408742403276,6.33419552246328,0.18720322129059,0.387912404845653,0.262543206016048,12.9838463882963,3.15E-05,7.94388992254666E-05,210.513082947487,0.662099786826659,0.626145442941038,0.000531192,,,0.70583936773073,0.940712175359745,,,,
mississippi,5/14/1965,18488.1940208836,0.636054158444995,187,3457.29228190523,1097.22645534898,20,1.59565596868777,1.52458844453447,6.99348802339097,0.198190163341136,0.420448207626857,0.310860616723539,12.5266686985675,3.98E-05,7.86550897862581E-05,208.435987933584,0.614340947723657,0.644831485720081,0.000552391,,,0.692089527736729,0.937291404804933,,,,
mississippi,3/3/1965,18120.1289025506,0.623391518230929,121,2192.53559720862,1088.0829015544,7.22222222222222,1.54478161121065,1.22709477102289,6.47993447086647,0.211402525379093,0.423170898267151,0.291823938729915,12.8924108503505,3.32E-05,4.8774403899403E-05,129.252170333418,0.428721043829142,0.732094330289674,0.000207195,,,0.859122940167131,0.979302828264835,,,,
mississippi,3/24/1965,17412.3113672947,0.599040287050033,88,1532.28340032193,1085.03505028955,7.77777777777778,1.59234174092714,1.0869027932973,6.39512501012716,0.232463311560425,0.443154710307698,0.344950254530855,12.5571472112161,3.32E-05,3.70505820124113E-05,98.1840423328899,0.384958063123422,0.766872385227273,0.000257736,,,0.821641927977344,0.924835259644003,,,,
mississippi,3/10/1965,16930.9954433207,0.582481449847024,153,2590.44230282807,1085.03505028955,5.55555555555556,1.59976981213216,1.31351839645226,6.65642184990931,0.208397528329492,0.435656154601383,0.268913245037856,12.3742761353246,3.65E-05,6.33120587144838E-05,167.776955593382,0.466450716683263,0.700745197143359,0.000399543,,,0.783745790948418,0.90735157993326,,,,
mississippi,1/20/1965,16336.4287137057,0.562026415655072,199,3250.94931402743,1072.84364523011,6.11111111111111,1.56022340596267,1.23101702228754,6.39512501012716,0.205249008015057,0.432944356285082,0.27661695388263,12.5571472112161,3.32E-05,7.90412721604435E-05,209.459371225175,0.658558913735838,0.650654257813243,0.000283198,,,0.822950768209852,0.979212901296831,,,,
mississippi,2/17/1965,15175.6079558861,0.522090396518403,135,2048.70707404462,1066.7479427004,7.22222222222222,1.55818946391906,1.26347358468516,6.35201326658408,0.197289364894389,0.418645682823963,0.267946543649976,11.5208777811643,3.57E-05,5.39158605372082E-05,142.877030423602,0.404665783721543,0.718809522056434,0.000199607,,,0.857563667565783,0.979102623670075,,,,
mississippi,1/15/1965,14212.9761079381,0.488972722112385,183,2600.97462775267,1054.55653764096,7.77777777777778,1.56051522981313,0.925461307514942,5.46847371901932,0.199627809285406,0.428621991426537,0.322576296538615,11.4599207558671,2.66E-05,7.57168907828079E-05,200.649760574441,0.918213316320938,0.598916922820871,0.00047454,,,0.691584672166037,0.955798580738118,,,,
mississippi,6/16/1965,12202.7743078114,0.419815225558641,75,915.208073085855,1033.22157878696,25.5555555555556,1.55278821885216,1.40416214464973,6.36851367853097,0.178445647614564,0.358271622732145,0.318755694416324,9.57025297165498,4.32E-05,3.23471621443056E-05,85.7199796824098,0.238676901196888,0.810051972582617,0.000280018,,,0.826490566390772,0.932749584452129,,,,
mississippi,6/30/1964,11749.7710852476,0.404230437602868,36,422.991759068914,1042.36513258153,27.7777777777778,1.57079706597267,0.768549990930529,6.01931210825864,0.291251822604945,0.465968742006424,0.686623309386038,11.1246571167327,3.32E-05,1.51124263571364E-05,40.0479298464115,0.312546511993668,0.864444923426965,0.000103421,,,0.906022499315854,0.988491704001868,,,,
mississippi,2/3/1965,10702.2011330689,0.368190615455142,132,1412.69054956509,1014.93447119781,6.11111111111111,1.56244507664681,0.933299778069984,5.63380246948392,0.210101482817206,0.438204868906573,0.325890020096531,10.2712587625724,3.15E-05,5.36054150810431E-05,142.054349964764,0.554586342795048,0.690856413105976,0.000259852,,,0.80673115570164,0.969674766712115,,,,
mississippi,6/8/1964,10588.950327428,0.364294418466199,33,349.435360805124,1024.07802499238,24.4444444444444,1.73668154162671,0.711402973805705,5.71677899028581,0.283814237305422,0.478879920334214,0.671007223913727,10.5760438890582,3.15E-05,1.37741436317066E-05,36.5014806240225,0.293414281907949,0.870951949753424,9.02751E-05,,,0.91730782184874,0.991375746209999,,,,
mississippi,6/2/1965,10560.6376260177,0.363320369218963,83,876.532922959469,1008.83876866809,25,1.56327058913542,1.08603591060487,5.74091731931184,0.187484533734227,0.386834194597474,0.376594867988651,9.20451081987199,3.65E-05,3.48453583694797E-05,92.3401996791212,0.359522825621135,0.777729308953616,0.000238931,,,0.836180518802502,0.98454986215395,,,,
mississippi,7/8/1964,10504.0122231973,0.361372270724492,40,420.160488927892,1033.22157878696,28.8888888888889,1.57079706597267,0.622399916735092,5.41683447250604,0.291251822604945,0.465968742006424,0.772960669418967,10.6065224017068,2.82E-05,1.72474328246826E-05,45.7056969854089,0.47275131992643,0.830419926934647,0.000154683,,,0.842736628525241,0.980602666634364,,,,
mississippi,7/14/1965,9824.50738935163,0.337995088790832,91,894.030172430998,1002.74306613837,33.8888888888889,1.59565596868777,1.11144956289465,5.9712108007764,0.198190163341136,0.420448207626857,0.442456327225372,8.93020420603474,4.07E-05,4.21507929461151E-05,111.699601307205,0.458228133576786,0.766566296397637,0.000779527,,,0.647219126413005,0.881616718156237,,,,
mississippi,7/14/1964,7502.86587371234,0.258123050517494,19,142.554451600534,987.503809814081,28.3333333333333,1.57079706597267,0.494299795289186,4.82731920091052,0.291251822604945,0.465968742006424,0.861347639745,8.93020420603474,2.66E-05,1.15419560961789E-05,30.5861836548741,0.373745738401658,0.894271945721297,0.000673127,,,0.520937331167099,0.703714721735873,,,,
mississippi,6/22/1964,7446.24047089187,0.256174952023022,12,89.3548856507024,987.503809814081,29.4444444444444,1.57079706597267,0.538340157865697,5.03777991334963,0.291251822604945,0.465968742006424,0.835884074419619,9.17403230722341,2.82E-05,5.50327709106777E-06,14.5836842913296,0.163124172962478,0.932588203133734,7.76174E-05,,,0.918637554052812,0.986023331550905,,,,
mississippi,7/22/1964,6936.61184550764,0.238642065572777,10,69.3661184550764,978.360256019506,28.8888888888889,1.57079706597267,0.413461883221184,4.41497797033152,0.291251822604945,0.465968742006424,0.94836260297027,8.56446205425175,2.32E-05,5.2079996702029E-06,13.8011991260377,0.212891039806118,0.930687232721505,0.000131439,,,0.816049835900693,0.890678554535693,,,,
mississippi,7/30/1964,6540.23402576434,0.225005376111476,11,71.9425742834077,972.26455348979,29.4444444444444,1.57079706597267,0.475742465090616,4.7358371605983,0.291251822604945,0.465968742006424,0.889177532334749,8.59494056690033,2.66E-05,5.24435140837858E-06,13.8975312322032,0.175306746014975,0.933281709183259,9.4351E-05,,,0.889183634042448,0.979150837211891,,,,
mississippi,10/9/1964,6455.29592153364,0.222083228369768,27,174.292989881408,938.738189576349,20.5555555555556,1.58074706721473,0.412271247652459,4.48512322986528,0.301448245567668,0.493274225780415,0.877790820502887,8.838768668089,2.32E-05,1.01915552173103E-05,27.0076213258723,0.385605759327728,0.873164258257818,0.000148085,,,0.837254121455754,0.974945481190038,,,,
mississippi,9/8/1965,5492.66407358564,0.18896555396375,30,164.779922207569,914.355379457482,31.6666666666667,1.59565596868777,0.781433928029334,4.97726483056091,0.195855730818433,0.409869145342607,0.509315876550278,6.91862237122828,3.65E-05,1.40963934544755E-05,37.3554426543601,0.19669909557435,0.880980224674257,0.000179439,,,0.858926174959545,0.980605537929378,,,,
mississippi,8/25/1965,5124.59895525258,0.176302913749685,54,276.728343583639,908.259676927766,33.8888888888889,1.59565596868777,0.73534004883564,4.85692764142,0.198190163341136,0.420448207626857,0.543965279093095,6.73575129533679,3.57E-05,2.03816939264775E-05,54.0114889051654,0.310558370451159,0.836138682940285,0.00024209,,,0.819237924586862,0.982518337875282,,,,
mississippi,11/12/1964,4331.84331576599,0.149029534827081,9,38.9865898418939,896.068271868333,17.2222222222222,1.52171716837539,0.321915412737673,3.99398786214664,0.306139070584242,0.474398257576745,0.959442074503557,7.52819262419994,2.16E-05,5.28595978382824E-06,14.0077934271448,0.234795010219377,0.928729881907509,0.000187718,,,0.743380607363876,0.773168705833332,,,,
niobrara,5/11/1950,16.06,1.23169826731545,,,21.9,11.6666666666667,1.62960540227401,2.18726704626908,,0.28927755932068,,0.282507122965679,0.58,0.0018,0.000348533393101,923.613491717947,0.090257902297256,0.939450598980967,0.001112675,1.00977332793082,0.984334738721129,0.990242186989681,0.995017694895279,1040,,,
niobrara,4/27/1951,12.88,0.98781280716208,,,21.6,14.4444444444444,1.77220456065894,1.74772082138192,,0.309431571326357,,0.349504631640416,0.528,0.00169,0.000302184012348,800.78763272277,0.103114955428158,0.939868718927944,0.001013764,1.00948832022211,0.984070385993759,0.98926824024798,0.994986505795603,874,,,
niobrara,3/3/1950,11.36,0.871238624950406,,,21.3,5,2.40312395225093,1.7154989686869,,0.294286673477229,,0.288060675985303,0.49,0.0017,0.000324096612862,858.856024084112,0.090613622050685,0.940251409678746,0.001036505,1.00961912411008,0.985750495328986,0.991485051048605,0.994796658376052,1060,,,
niobrara,8/30/1950,9.74,0.746995088645858,,,21.3,15.5555555555556,1.62379290816147,1.58303937275379,,0.253880628126069,,0.316033207768476,0.467,0.00142,0.000259671406788,688.129227988394,0.095356971568612,0.934031603957012,0.001650949,1.01856552781341,0.964600726832628,0.975467631102441,0.991989281725783,960,,,
niobrara,9/20/1950,9.43,0.723220090957951,,,21,16.1111111111111,1.98011101615458,1.44517784490372,,0.281227839090847,,0.364080290253751,0.479,0.0014,0.000286945898124,760.4066300286,0.123126943353986,0.920856158523609,0.001852703,1.02327552004007,0.956148271210683,0.967937352999748,0.996440354501526,720,,,
niobrara,7/4/1952,7.79,0.597442683834829,,,21.3,19.4444444444444,1.67034106101707,1.22329937409637,,0.312522918759355,,0.454710676803839,0.489,0.00129,0.000197653091089,523.780691385675,0.114956358027398,0.940607978738872,0.002324796,1.03373873538672,0.937757057585191,0.958567480145105,0.983713221486575,462,,,
niobrara,6/7/1950,7.65,0.586705588104807,,,21.3,18.3333333333333,1.83921822660927,1.31335416971221,,0.281306104609621,,0.394664030163098,0.48,0.00127,0.000246998049929,654.544832313051,0.126648862689381,0.929823993947558,0.004627781,1.06400492724383,0.866507733181406,0.899965025655252,0.961064350667824,421,,,
niobrara,8/16/1952,7.53,0.577502363193359,,,21.3,20,2.07294614454604,1.17997818928664,,0.293729106640077,,0.443519450140515,0.493,0.00116,0.000156360377362,414.355000009939,0.098642787220618,0.945686952302012,0.001430791,1.02357577615737,0.959244964890613,0.973877831254938,0.991084344055274,394,,,
niobrara,9/26/1952,6.65,0.510012047176074,,,21.2,11.1111111111111,1.58149306863467,1.08417885891618,,0.298239955415375,,0.40818175730125,0.468,0.00114,0.000118405371633,313.774234828195,0.069952636755129,0.954930084072956,0.000521002,1.00985360633191,0.985899397800247,0.990620788460616,0.998440900309065,346,,,
niobrara,6/19/1952,6.63,0.508478176357499,,,21.3,16.6666666666667,1.59837453721102,1.26788248558112,,0.28322097132395,,0.394678534296121,0.474,0.00125,0.000210200014283,557.030037850856,0.109509092281213,0.931787041073819,0.002502204,1.04220759593065,0.931433427146078,0.956690259503836,0.98777154553369,458,,,
red,1/24/1962,1537.37968657577,0.521297341401272,499,767.152463601311,182.871075891496,8.88888888888889,1.83352951832348,1.66247476881661,7.37646000095488,0.202203174334321,0.449687452794202,0.248222046857568,7.37580006095703,7.52E-05,0.000202304309158,536.106419269247,0.667771139725482,0.676585614710877,0.000482196,,,0.880785877877224,0.996761282464245,,,,
red,2/21/1962,1296.72172458877,0.439694626817279,267,346.224700465203,177.689728741237,15.5555555555556,1.51829178247475,1.91954925975996,7.10347163044316,0.162401145247278,0.276519771834214,0.209334263211132,7.05577567814691,7.29E-05,0.000108123429467,286.527088087207,0.310479265340304,0.761700043237879,0.000252085,,,0.921769332256712,0.999212394126625,,,,
red,2/1/1961,1115.52043556327,0.378252582895214,262,292.266354117576,175.251447729351,7.77777777777778,1.82194302371493,1.38792948917081,6.95322684864056,0.215205041961143,0.442259950280258,0.283177874512316,6.40048765620238,7.7E-05,0.000105593716831,279.823349602652,0.388335120702747,0.782004459660815,0.000235919,,,0.934639707836379,0.998067213773944,,,,
red,3/21/1962,1019.25725076847,0.345611497061617,148,150.850073113733,173.11795184395,13.8888888888889,2.21211531507664,1.84962731831409,6.77136322694584,0.153149307935562,0.739327619097903,0.194200186273735,7.0710149344712,6.61E-05,6.04411280116092E-05,160.168989230764,0.177574558524193,0.817131502310512,0.000167112,,,0.9368614925507,0.99815252478554,,,,
red,9/20/1961,925.825336114693,0.313930443164302,178,164.796909828415,170.374885705578,24.4444444444444,1.44964355461987,2.28806713989611,6.72879581213293,0.122251158601622,0.220015636703274,0.166002956723088,5.79091740323072,7.97E-05,7.47336396678965E-05,198.044145119926,0.155658784837499,0.79678566125457,0.00025018,,,0.912744149848879,0.998362667737466,,,,
red,6/27/1962,863.537393012175,0.292809740566092,110,94.9891132313393,170.374885705578,29.4444444444444,1.85447686770641,2.13287660606971,6.55325386651178,0.124392816846315,0.406126198178118,0.189676765972998,5.82139591587931,7.52E-05,4.71345078560028E-05,124.906445818408,0.11888724755127,0.838856974555878,0.000198615,,,0.928688130416092,0.998040219431784,,,,
red,12/13/1962,736.130236666116,0.24960830343339,318,234.089415259825,165.498323681804,6.66666666666667,1.58142776707698,1.55307537686735,6.20107621594056,0.152963795951047,0.300025679894526,0.182226433065797,5.15086863761048,7.61E-05,0.000129378868232,342.854000813794,0.309806171773166,0.737679451086574,0.000322716,,,0.903352505722883,0.997375219916631,,,,
red,6/13/1962,594.56672961494,0.201606706619276,117,69.564307364948,168.546174946663,27.7777777777778,1.8209387295106,1.49231596458508,6.27403256353927,0.162959543825134,0.449670072758151,0.293591080592177,5.27278268820482,7.61E-05,4.96546273701827E-05,131.584762530984,0.19156577800281,0.829533438688907,0.000227982,,,0.911588022332061,0.9979244820586,,,,
red,3/13/1963,535.110056653446,0.181446035957349,203,108.62734150065,166.107893934776,20,1.45597941570031,1.45428562323081,5.54230728759247,0.130490393231004,0.223323859964502,0.20623179854333,4.11459920755867,7.61E-05,9.04784790014494E-05,239.767969353841,0.245197627515556,0.742238750080453,0.00048624,,,0.835141021181054,0.990467721179823,,,,
red,8/9/1961,461.497032986835,0.15648520561401,131,60.4561113212753,164.888753428833,28.3333333333333,1.51539316426359,1.87473933374406,5.75781884944971,0.109250177511045,0.215493205311744,0.172982170165911,4.38890582139592,7.7E-05,5.79545019433372E-05,153.579430149843,0.130196045675883,0.801049305912254,0.000370473,,,0.868780074249255,0.993204524732175,,,,
red,5/16/1962,702.154994973834,0.238087920198003,54,37.916369728587,169.155745199634,25,1.89090326102757,1.40838423291613,6.57602695006903,0.189693767762659,0.473950080275124,0.336525384826285,6.15665955501371,7.16E-05,4.11479165424803E-05,109.041978837573,0.193398302363939,0.824826075306057,0.000289635,,,0.864310259154841,0.961357025365146,,,,
red,1/24/1963,421.859251012505,0.143044758506058,113,47.6700953644131,159.402621152088,2.77777777777778,1.51829178247475,1.08004823027353,5.32834816032577,0.162401145247278,0.276519771834214,0.213011606195532,3.74885705577568,7.72E-05,5.32535526018904E-05,141.12191439501,0.14693814475838,0.837378210352284,0.000282041,,,0.912362267817896,0.989018342323739,,,,
red,7/1/1959,407.702900307388,0.138244598824647,76,30.9854204233615,162.14568729046,30.5555555555556,1.33715880071854,1.09496795259151,5.55009724207833,0.17379882046975,0.244124039757529,0.379813165077199,4.17555623285584,7.52E-05,4.06001255664265E-05,107.59033275103,0.205059337685055,0.837221661762651,0.000913136,,,0.707327663535807,0.852541080110883,,,,
red,7/11/1962,396.377819743293,0.134404471079518,55,21.8007800858811,162.755257543432,33.8888888888889,1.4773375803889,1.91818511118323,5.70523492746511,0.104834347704613,0.210328510995822,0.179133727706825,4.38890582139592,7.56E-05,2.89888368007907E-05,76.8204175220954,0.068688867698551,0.878670268347179,0.000595588,,,0.812919122565683,0.971330199297149,,,,
red,10/18/1961,362.402578051011,0.12288408784413,107,38.7770758514582,156.964340140201,20.5555555555556,1.43851110009468,1.59391852444434,5.32144167892619,0.109758848974952,0.213015286614248,0.165744558188596,3.74885705577568,7.7E-05,4.70599328689092E-05,124.708822102609,0.101297763399251,0.83395376138179,0.000281628,,,0.9015951376878,0.994801494956032,,,,
red,6/15/1960,331.258606499752,0.112323736545026,18.1,5.99578077764552,160.316976531545,31.1111111111111,1.76699925759093,1.423681287952,5.97694136671832,0.155021616913234,0.396080490522138,0.299651592698049,4.4193843340445,8.24E-05,7.5795748926083E-06,20.085873465412,0.027563491365828,0.960791890874017,3.43152E-05,,,0.988248747276554,0.999725869266054,,,,
red,10/19/1960,278.03072784851,0.094275136142919,70,19.4621509493957,140.505943309966,23.3333333333333,1.46877170042735,1.53333342600458,5.29976565531148,0.113168035777288,0.219627606506741,0.182838273052481,3.71837854312709,7.7E-05,3.29404153524045E-05,87.292100683872,0.078217774761884,0.870076933296914,0.000439538,,,0.858929560645347,0.982314558072723,,,,
red,6/29/1960,274.916330693384,0.093219101013008,42,11.5464858891221,160.012191405059,32.2222222222222,1.74700068405367,1.03215413659704,5.39188305937149,0.174013691442411,0.408440185363901,0.399303912249716,3.71837854312709,7.97E-05,1.58509221321838E-05,42.0049436502871,0.079414494606607,0.921867360147235,9.82314E-05,,,0.956293240213311,0.998529044028382,,,,
red,8/10/1960,263.024996101085,0.089186966880623,30,7.89074988303256,150.563852483999,32.2222222222222,1.38154288117514,1.80501012894363,5.37761284423384,0.098979776752165,0.193684840556672,0.16866219757202,3.65742151782993,8.06E-05,1.13248228706085E-05,30.0107806071125,0.023698132909066,0.942203148505316,4.01861E-05,,,0.9787520555257,0.999920987407793,,,,
red,7/28/1960,255.663693734424,0.086690883846289,49,12.5275209929868,149.344711978055,35,1.56062983350105,1.59928838941368,5.28677393738763,0.107969662736632,0.237405247447203,0.205418278303881,3.65742151782993,7.79E-05,1.84906878647142E-05,49.0003228414926,0.048758989291708,0.908985005561937,0.000112741,,,0.948876984963404,0.998595700351923,,,,
red,2/13/1963,253.96493164981,0.08611486468452,48,12.1903167191909,146.296860713197,5.55555555555556,1.56240222583768,0.865280337808516,4.86452440467031,0.168954975746603,0.331158640352652,0.266007505020976,3.16976531545261,7.61E-05,1.81161030596721E-05,48.007673108131,0.063324827537533,0.926492338290423,6.33539E-05,,,0.975688943433219,0.998971416067912,,,,
red,9/7/1960,242.922978099818,0.082370740133019,41,9.95984210209256,146.296860713197,27.7777777777778,1.51143251979655,1.45588633162232,5.17892609773053,0.113814870135833,0.113814870135833,0.205061817828484,3.55074672355989,7.7E-05,1.54660614484635E-05,40.9850628384283,0.041188294484013,0.923740964274197,8.30575E-05,,,0.963470008104618,0.999280159106267,,,,
red,12/30/1964,229.332881422905,0.077762586838864,41,9.40264813833913,145.077720207254,14.4444444444444,1.69224324187848,0.983043449715918,4.96327844134451,0.154814492892018,0.365209963399732,0.273206513804346,3.26120085339835,7.7E-05,1.54711516200239E-05,40.9985517930633,0.054893758423963,0.930106848651909,6.84682E-05,,,0.970912759435326,0.999037138979019,,,,
red,2/27/1963,223.670341140858,0.075842522966299,29,6.4864398930849,130.448034135934,7.77777777777778,1.5685876794796,0.844932214886734,4.90525829859366,0.175933661765633,0.363007450988748,0.294989562611791,3.38311490399268,7.25E-05,1.09437417226361E-05,29.0009155649856,0.044528132194439,0.948381965738875,4.46606E-05,,,0.983826763075978,0.999343958668703,,,,
red,1/14/1959,206.682720294717,0.070082331348606,36,7.44057793060982,138.982017677537,12.2222222222222,1.43265200514275,1.48794190229866,5.11531799674893,0.108644150457597,0.211909124596493,0.142513134171389,3.50502895458702,7.61E-05,1.35841880741749E-05,35.9980983965635,0.025439227564051,0.936613482501246,4.38606E-05,,,0.981059875430345,0.999318010387485,,,,
red,11/5/1958,206.682720294717,0.070082331348606,8,1.65346176235774,159.402621152088,17.2222222222222,1.46868679068826,1.54017853034787,5.14547735533487,0.106200686905941,0.214855278409131,0.150617706867658,3.50502895458702,7.7E-05,3.01942651301576E-06,8.00148025949177,0.005906222044751,0.982039840602173,3.53565E-05,,,0.987093746104053,0.998388954433838,,,,
red,9/6/1961,199.604544942159,0.0676822515079,26,5.18971816849612,139.896373056995,29.4444444444444,1.41496783538467,1.57193483764181,5.02375369506328,0.099190296089957,0.198425131496025,0.172779171250565,3.50502895458702,7.34E-05,9.81133533282418E-06,26.0000386319841,0.023095291385106,0.94227182825431,0.000129053,,,0.939855725693162,0.992365601638869,,,,
red,6/5/1963,190.261353476781,0.064514146118169,26,4.9467951903963,155.745199634258,29.4444444444444,1.44130296687373,0.939028593285235,4.67544922109946,0.143818555001203,0.227773472887755,0.334727194327646,2.99908564462054,7.43E-05,9.81086712016113E-06,25.998797868427,0.044198708277966,0.942797648859354,9.40467E-05,,,0.954122085891329,0.996750218239631,,,,
riogrande,5/27/1958,285.958284243376,2.38298570202813,2067.2,591.132965187907,83.2063395306309,23.3333333333333,1.73195968532762,2.4102964098499,,0.294286673477229,0.545253866332629,0.369477929360713,1.46296860713197,0.0008,0.000810289896139,2147.26822476914,0.374230291259318,0.775518318900323,0.004469818,,,0.852767613886004,0.972049220264203,,,,0.845871134061452
riogrande,5/21/1958,245.754248240842,2.04795206867368,2108,518.049955291695,82.2919841511734,19.4444444444444,1.54495821003017,1.62659521316896,,0.36872216799292,0.732042847972813,0.512334381343414,1.25266686985675,0.00079,0.000847672743293,2246.33276972572,0.549736570274118,0.772789688945816,0.004469777,,,0.859602377442093,0.966288943004606,,,,0.830220203181489
riogrande,5/13/1958,235.561675733157,1.96301396444298,3175.8,748.096769793361,82.5967692776593,15.5555555555556,1.81784333493737,2.21685436600094,,0.29730177875068,0.707106781186548,0.347770321352283,1.35934166412679,0.0008,0.001243529112899,3295.35214918206,0.540578149004709,0.71503051122683,0.005651451,,,0.8341253552728,0.963960336024697,,,,0.764921579211797
riogrande,6/4/1958,231.03164350752,1.925263695896,1831.8,423.203764577074,82.9015544041451,19.4444444444444,1.49955591181655,2.21399454255557,,0.300539182863176,0.463494781270846,0.372999175550524,1.32276744894849,0.00083,0.000731556597992,1938.62498467917,0.328759045686282,0.795274111155793,0.004290415,,,0.861724535363205,0.971709154416169,,,,0.849113737234575
riogrande,5/8/1958,194.225131674214,1.61854276395178,2431,472.161295100014,82.2919841511734,14.4444444444444,1.83275620448741,1.69060507921036,,0.321666224502358,0.948077514339171,0.419202298352248,1.12160926546785,0.0008,0.00099792122716,2644.49125197491,0.52291359000014,0.742405803506827,0.005352604,,,0.831070829587338,0.973863671924319,,,,0.779029271003172
riogrande,5/12/1952,183.749432152427,1.53124526793689,2085.6,383.227815697101,82.9015544041451,16.6666666666667,1.75724866632593,1.4608713788449,,0.385552706351985,0.886435126281122,0.539888809265655,1.10637000914355,0.00084,0.000863045724455,2287.07116980534,0.554700867283026,0.777756686952135,0.005037934,,,0.850256246284009,0.961767437174693,,,,0.811611570336478
riogrande,6/17/1952,173.839986658844,1.44866655549037,1512.4,262.915595822836,82.9015544041451,21.1111111111111,1.6406598976132,3.95762965379114,,0.146822284175111,0.240887021517288,0.145800619670907,1.15513562938129,0.00083,0.000671001339263,1778.15354904711,0.117870374776581,0.802640073263209,0.008000784,,,0.736719045476886,0.943011789357761,,,,0.832947602091705
riogrande,6/25/1958,171.008716517821,1.42507263764851,3354.2,573.597436944075,83.2063395306309,22.7777777777778,1.53348093399955,1.41376501503038,,0.355386968636106,0.690956439983888,0.556768146697402,1.03626943005181,0.0008,0.001266139630437,3355.27002065768,0.881182769373082,0.760540771162854,0.084483579,,,0.224982997906214,0.628552104544615,,,,0.787963681934263
riogrande,6/10/1958,164.213668179364,1.36844723482804,2575.2,422.883038295499,82.2919841511734,18.3333333333333,1.65352533724647,1.37654358269559,,0.340600827724119,0.680395000087188,0.515753412535973,1.04541298384639,0.00074,0.001481342827156,3925.55849196238,1.03244272735297,0.699948058150238,0.074043135,,,0.263064805672574,0.675178319537813,,,,0.722251776363743
riogrande,6/20/1952,136.750347811436,1.13958623176197,1301.3,177.953227607022,82.9015544041451,22.2222222222222,1.71201619071157,1.55478971360219,,0.32755986612811,0.680395000087188,0.495957314060071,1.06370009143554,0.00079,0.000556419627767,1474.51201358321,0.349316941870568,0.817337378326169,0.004391412,,,0.841300412064952,0.970226750159368,,,,0.828087215511038
riogrande,6/13/1958,122.877124120421,1.02397603433684,1684.8,207.023378718085,81.0728436452301,17.2222222222222,1.77833550669411,1.06018015969539,,0.353553390593274,0.840896415253715,0.59633720161468,0.813776287717159,0.00076,0.000755046190965,2000.8724060576,0.592450174486804,0.772034945301682,0.005601536,,,0.808075874218742,0.970989656177996,,,,0.773866305821131
riogrande,6/18/1958,113.250805640941,0.943756713674508,2691,304.757917979772,81.3776287717159,19.4444444444444,1.92873465157642,1.50961220523479,,0.275264198863286,0.78070918215571,0.417859292173849,0.902163974398049,0.00076,0.001015353125671,2690.68578302752,0.558256234735908,0.744192470074666,0.022018935,,,0.52723719770108,0.825625568100658,,,,0.739897017706385
riogrande,5/3/1961,95.1306767383904,0.792755639486587,1308.3,124.459464376836,82.2919841511734,18.8888888888889,1.56418988856102,2.15238920021696,,0.222239733456154,0.440065285251327,0.286386676210901,0.950929594635782,0.00083,0.00053385093941,1414.70498943686,0.184202164011729,0.8334134765658,0.002453306,,,0.912824622586209,0.975583756973105,,,,0.814281284175869
riogrande,6/26/1952,78.1430558922493,0.651192132435411,842.4,65.8277102836308,81.9871990246876,21.1111111111111,1.72643816073621,1.24601648668651,,0.310962995369485,0.604044722202224,0.522640066849011,0.841206949100884,0.00076,0.000396017240375,1049.44568699246,0.272334838135126,0.853271174543966,0.004904826,,,0.80932935050053,0.954346201535394,,,,0.817443959392884
riogrande,4/25/1952,77.2936748499422,0.644113957082852,1859.2,143.704400281013,82.9015544041451,14.4444444444444,1.69200153535829,1.79255652469808,,0.226529061713551,0.472310730956532,0.297633939994566,0.752819262419994,0.00089,0.000780173584407,2067.45999867875,0.260905772816586,0.806998235699202,0.003443844,,,0.903258549490733,0.983998147292894,,,,0.772269452117033
riogrande,5/19/1961,63.9867051871317,0.533222543226097,762.5,48.7898627051879,81.6824138982018,17.2222222222222,1.49315827249856,1.76431034155517,,0.207352698839684,0.418104502251419,0.287712548992459,0.710149344711978,0.00085,0.000331096814375,877.406558094618,0.112071421679069,0.881503843372429,0.001867793,,,0.932267167623574,0.983868084786477,,,,0.827780250008146
riogrande,4/27/1961,63.1373241448246,0.526144367873538,1145.6,72.3301185403111,81.3776287717159,13.8888888888889,1.61573889103918,1.88009534551836,,0.215284107233181,0.436954678844764,0.272912430857993,0.804632733922585,0.00083,0.000479096846473,1269.60664315315,0.15753190962327,0.847498304429215,0.003063606,,,0.899150461207102,0.952806774492766,,,,0.794784393361055
riogrande,4/6/1960,59.456672961494,0.495472274679117,950,56.4838393134193,81.9871990246876,15,1.71813050703877,1.24065569123184,,0.31635638991883,0.685175492360062,0.485535006708379,0.780249923803718,0.00083,0.000383171139217,1015.40351892619,0.22414819475951,0.879406904606691,0.00162495,,,0.949191305763146,0.992970027380786,,,,0.819769595855986
riogrande,6/22/1960,57.4747838627776,0.478956532189813,523.27,30.0748301518756,81.6824138982018,23.3333333333333,1.72680263673323,1.58986465257863,,0.279145829863721,0.615572206672458,0.435601701507101,0.893020420603474,0.00082,0.000214870842741,569.407733263333,0.114144030124625,0.908881410602005,0.001370261,,,0.94394679581181,0.98390678017702,,,,0.844377847490568
riogrande,5/24/1960,35.1077497486917,0.292564581239098,768,26.9627518069952,40.5364218226151,18.3333333333333,1.70506235949844,1.75666518558604,,0.300232267326153,0.545253866332629,0.410518928551712,1.04846083511125,0.00083,0.000309554797094,820.320212300287,0.15310614895332,0.875102254476186,0.002230225,,,0.907695641156181,0.983050572297755,,,,0.773893105278108
